seed_id,question,seed_answer,tracked_claim,verification_status,verification_reason,queries,sources
seed41,What physical mechanisms can produce a time delay between the gravitational-wave signal from a neutron-star merger and the associated short gamma-ray burst?,"### Short answer  

A **time delay** of seconds to minutes (or even hours) between the coalescence‑generated gravitational‑wave (GW) chirp and the onset of the associated short‑gamma‑ray‑burst (sGRB) can arise at any stage of the **post‑merger engine → relativistic jet → γ‑ray emission** chain.  The principal physical bottlenecks are:

| Stage | What happens | Typical delay (order‑of‑magnitude) | Key parameters that set the delay |
|-------|--------------|-----------------------------------|-----------------------------------|
| **1. Remnant formation & early cooling** | Merger yields either a hyper‑massive neutron star (HMNS) or a prompt black hole (BH). The remnant must shed differential rotation, cool, and/or collapse. | **0 ms – ∼ 1 s** (HMNS lifetime) | Total mass, EOS stiffness, magnetic‑field amplification, neutrino cooling rate, angular‑momentum transport (MRI, turbulence). |
| **2. Launch of the central engine** | A BH + accretion torus (or a strongly magnetised neutron star) powers a Poynting‑flux or neutrino‑annihilation jet. The jet power rises as the torus settles, magnetic flux threads the BH, etc. | **∼ 10 ms – ∼ 0.5 s** | Accretion rate \(\dot M\), torus mass \(M_{\rm torus}\), magnetic flux \(\Phi_{\rm BH}\), neutrino luminosity \(L_\nu\), viscosity parameter \(\alpha\). |
| **3. Jet collimation & breakout from the merger ejecta** | The nascent jet must bore through the dense, neutrino‑driven and/or dynamical ejecta (mass \(M_{\rm ej}\sim10^{-3}–10^{-1}M_\odot\), velocities 0.1–0.3 c). The breakout time is essentially the “drilling” time of a relativistic head through a slower, massive sheath. | **∼ 0.1 s – ∼ 10 s** (sometimes > 10 s for massive or highly anisotropic ejecta) | Ejecta mass & density profile, jet luminosity \(L_{\rm jet}\), opening angle \(\theta_j\), Lorentz factor of the jet head \(\Gamma_h\), ambient pressure, time‑dependence of ejecta expansion. |
| **4. Internal dissipation & γ‑ray production** | Once the jet is free, internal shocks, magnetic reconnection, or photospheric processes convert kinetic/Poynting energy to γ‑rays. The observed onset may be delayed by the time needed for (i) the dissipation region to reach the Thomson photosphere, (ii) the variability timescale of the central engine, or (iii) the viewing‑angle geometry. | **∼ 10 ms – ∼ 1 s** | Jet Lorentz factor \(\Gamma\), radius of dissipation \(R_{\rm diss}\sim10^{12-14}\) cm, variability timescale of engine, baryon loading. |
| **5. Propagation effects & detector response** | Light‑travel time across the jet, curvature of the emitting surface, and relativistic beaming can shift the peak of the observed γ‑ray pulse relative to the moment the jet cleared the ejecta. | **≤ 10 ms** (usually negligible compared with earlier stages) | Viewing angle \(\theta_{\rm obs}\), jet angular structure, pulse shape. |

Below is a more detailed discussion of each stage, the governing physics, and how the associated delay can be estimated or modeled.

---

## 1. Remnant evolution (HMNS vs. prompt BH)

### Why it matters
The **gravitational‑wave chirp** ends at the moment the two neutron stars physically merge (the peak of the GW strain). The **engine** that powers the sGRB, however, may not be ready at that instant.

| Scenario | Typical fate | Delay source |
|----------|--------------|--------------|
| **Prompt BH formation** (soft EOS, total mass ≳ ~2.8 M⊙) | Collapse occurs within ∼ 1 ms of contact. | Very short (≲ 10 ms) – the jet can be launched almost immediately, limited only by magnetic field amplification. |
| **Hyper‑massive NS (HMNS)** | Differential rotation supports a massive NS for **0.1–1 s** (or longer for stiff EOS). | The HMNS must **lose angular momentum** (via gravitational‑wave “bar‑mode” emission, magnetic braking, or viscous processes) before it can collapse to a BH. Alternately, a **magnetar‑driven jet** may be launched while the HMNS is still alive. |
| **Supramassive NS** | Can survive **seconds to minutes** before collapsing, depending on spindown torque. | Spin‑down by magnetic dipole radiation or gravitational radiation leads to a **delayed BH formation**, providing a natural “engine‑on” delay. |

#### Key equations
* **GW‑driven spindown:** \(\dot E_{\rm GW}\sim\frac{32}{5}\frac{G}{c^5}\epsilon^2 I^2 \Omega^6\) where \(\epsilon\) is the ellipticity.  
* **Magnetic braking / MRI amplification:** Growth time \(\tau_{\rm MRI}\sim (2\pi)/\Omega\) → a few ms, but the *saturation* field can take \(\sim 10–100\) ms.  
* **Neutrino cooling time:** \(t_{\nu}\sim 0.3–1\) s for a HMNS of temperature \(T\sim 10^{11}\) K.

---

## 2. Jet launching (central engine switch‑on)

### Mechanisms
1. **Blandford–Znajek (BZ) extraction** from a rotating BH threaded by magnetic flux.  
   *Power* \(L_{\rm BZ}\approx10^{50}\,{\rm erg\,s^{-1}}\,\left(\frac{a}{0.8}\right)^2\!\left(\frac{M_{\rm BH}}{3M_\odot}\right)^2\!\left(\frac{\Phi_{\rm BH}}{10^{27}\,{\rm G\,cm^2}}\right)^2\).
2. **Neutrino‑antineutrino annihilation** above a hot torus.  
   *Power* \(L_{\nu\bar\nu}\sim10^{48-49}\,{\rm erg\,s^{-1}}\left(\frac{\dot M}{0.1M_\odot\,{\rm s^{-1}}}\right)^{9/4}\).
3. **Magnetar spin‑down** (if the NS survives).  
   *Power* \(L_{\rm mag}\approx10^{49}\,{\rm erg\,s^{-1}}\,B_{15}^2R_6^6P_{-3}^{-4}\).

If the jet is **magnetically dominated**, the time needed to accumulate a *sufficient* magnetic flux \(\Phi_{\rm BH}\) on the BH can dominate (tens to hundreds of ms).  
If the jet is powered by **neutrino annihilation**, the torus must settle into a dense, hot configuration; the neutrino luminosity peaks after \(\sim\)10–30 ms.

### Typical delay
\[
t_{\rm launch}\sim \max\bigl(t_{\rm HMNS\;collapse},\,t_{\rm BZ\;flux\;build},\,t_{\nu\bar\nu\,\rm rise}\bigr)\;.
\]
Numerical‐relativity simulations (e.g., Kiuchi et al. 2018; Siegel & Ciolfi 2021) find **\(t_{\rm launch}\approx 10–300\) ms** for a range of plausible EOS and magnetic‑field seeds.

---

## 3. Jet propagation & breakout from merger ejecta

### Geometry of the obstructing material
* **Dynamical ejecta:** Launched during the merger, mostly in the equatorial plane, mass \(M_{\rm dyn}\sim10^{-4}–10^{-2}M_\odot\), velocity \(v\sim0.2c\).  
* **Neutrino‑driven wind:** Launched from the hot remnant/torus, more isotropic, \(M_{\rm wind}\sim10^{-3}–10^{-2}M_\odot\), \(v\sim0.05–0.1c\).  
* **Viscous/MHD torus wind:** Can add another \(\sim10^{-2}M_\odot\) over \(\sim0.5–1\) s.

The **density profile** along the polar axis is often approximated by a power law:
\[
\rho(r,t) = \rho_0\left(\frac{r}{r_0}\right)^{-k}\!\!\left(\frac{t}{t_0}\right)^{-3},
\quad k\sim2-3.
\]

### Jet head dynamics
The jet head advances with velocity (Matzner 2003; Bromberg et al. 2011):
\[
\beta_h \simeq \frac{1}{1+\tilde L^{-1/2}},\qquad
\tilde L \equiv \frac{L_j}{\Sigma_j\rho c^3},
\]
where \(L_j\) is the jet luminosity, \(\Sigma_j\) the jet cross‑section, and \(\rho\) the ambient density at the head.

The **breakout time** is then:
\[
t_{\rm bo}\simeq \int_{0}^{R_{\rm ej}} \frac{dr}{\beta_h c}\;,
\quad R_{\rm ej}=v_{\rm ej} t_{\rm bo}.
\]

Analytic scalings (e.g., Nakar & Piran 2017) give
\[
t_{\rm bo}\approx 0.3\,{\rm s}\,
\left(\frac{M_{\rm ej}}{10^{-2}M_\odot}\right)^{1/2}
\left(\frac{v_{\rm ej}}{0.2c}\right)^{-1/2}
\left(\frac{L_j}{10^{51}{\rm erg\,s^{-1}}}\right)^{-1/2}
\left(\frac{\theta_j}{0.1}\right)^{1/2}.
\]

Thus, **more massive, slower ejecta** or **weaker, wider jets** shift the breakout to several seconds or even tens of seconds.  For a jet that is *choked* (i.e., never breaks out), no classical sGRB is produced; instead one may see a **cocoon‑shock breakout** (soft gamma/X‑ray emission) with a different delay signature.

---

## 4. Internal dissipation and the γ‑ray emitting region

Once the jet clears the ejecta, the *engine can continue to vary* (timescale \(t_{\rm var}\sim 10–100\) ms). The observed γ‑ray pulse starts when the **emission radius** \(R_{\rm em}\) satisfies
\[
t_{\rm em}\simeq \frac{R_{\rm em}}{2\Gamma^2c}\;,
\]
the familiar “angular‑delay” term. For typical sGRB parameters (\(\Gamma\sim 100\), \(R_{\rm em}\sim10^{13}\) cm) this is **∼ 1 ms**. If the jet is **magnetically dominated**, reconnection may occur at larger radii (\(R\sim10^{14-15}\) cm), yielding **tens of ms**.

Rarely, **late internal shocks** can be triggered after a pause in the central engine (e.g., due to episodic accretion), adding an extra **∼ 0.1–1 s** “waiting time” before the first high‑energy photon is emitted.

---

## 5. Propagation (geometric) effects

Even after the emission starts, the **curvature of the emitting shell** spreads the photon arrival times:
\[
\Delta t_{\rm curv}\sim\frac{R_{\rm em}}{c}\,(1-\cos\theta_{\rm obs})\approx\frac{R_{\rm em}\theta_{\rm obs}^{2}}{2c}.
\]
For an off‑axis observer at \(\theta_{\rm obs}=0.2\) rad and \(R_{\rm em}=10^{13}\) cm, \(\Delta t_{\rm curv}\sim 0.3\) s. This effect is often folded into the *rise* time of the observed light curve rather than a **systematic offset** between GW and γ‑ray *onset*.

---

## Putting it all together – a canonical delay budget

| Contribution | Typical size | Dominant regime |
|--------------|--------------|-----------------|
| **HMNS lifetime** | 0 – 1 s | Stiff EOS, high total mass |
| **Magnetic‑flux build‑up / neutrino luminosity rise** | 10 – 300 ms | Seed field ≲10¹⁰ G, torus mass ≳0.1 M⊙ |
| **Jet breakout** | 0.1 – 10 s (occasionally > 10 s) | Large ejecta mass, low jet power, wide jet |
| **Internal dissipation delay** | ≤ 0.1 s | Reconnection radius, shock formation |
| **Curvature / viewing‑angle lag** | ≤ 0.3 s (off‑axis) | Moderately off‑axis observer |

Summed **in series**, a **total GW–γ‑ray delay** can range from **≲ 10 ms (prompt BH, powerful jet, thin ejecta)** up to **several seconds** for a **long‑lived HMNS + massive polar ejecta**. The longest delays reported for confirmed sGRBs (e.g., GW170817/GRB 170817A: ∼1.7 s) are comfortably reproduced by the *breakout* term alone, given the modest jet luminosity inferred for that event.

---

## How to use these ideas in practice

1. **From observations**:  
   *Measure* \(t_{\rm delay}=t_{\rm GRB}-t_{\rm GW}\).  
   *Combine* with constraints on ejecta mass/velocity from kilonova modeling and on jet energy from afterglow modeling.  

2. **Inference steps**:  
   * If \(t_{\rm delay}\lesssim0.1\) s → likely **prompt BH**, **high‑power jet**, **thin ejecta**.  
   * If \(0.1\)–\(1\) s → **breakout dominates**; can estimate \(M_{\rm ej}\) or \(L_j\) using the breakout scaling.  
   * If \(>1\) s → **HMNS lifetime** or **very massive polar wind**; may point to a stiff EOS or strong magnetic support.

3. **Modeling pipelines**:  
   *Numerical Relativity* → remnant lifetime, ejecta distribution.  
   *GRMHD jet simulations* → flux buildup, jet power evolution.  
   *Semi‑analytic jet‑cocoon models* (Bromberg et al. 2011; Lazzati et al. 2017) → breakout time.  
   *Radiative transfer* → internal dissipation radius and curvature effects.

---

### Bottom line

The **delay between a neutron‑star merger’s GW chirp and the onset of its short γ‑ray burst** is not a single‑process quantity but the **cumulative outcome** of:

1. **How long the central engine takes to become capable of launching a relativistic outflow** (HMNS survival, magnetic‑field amplification, neutrino cooling).  
2. **How much power the engine can muster** and **how quickly it can thread the black hole (or spin‑down the magnetar)**.  
3. **How thick and fast the surrounding ejecta are**, which governs the **jet‑breakout time**.  
4. **Where within the jet the high‑energy photons are produced** (internal shocks, reconnection, photosphere).  
5. **Geometric and relativistic light‑travel effects** for off‑axis viewers.

Each of these steps has a characteristic timescale that can be estimated from first principles or calibrated with simulations, allowing the observed GW–γ‑ray offset to be turned into a powerful diagnostic of the post‑merger physics.",Merger yields either a hyper-massive neutron star (HMNS) or a prompt black hole (BH).,VERIFIED_FALSE,"Review literature explicitly lists more than two possible merger remnants — in addition to prompt black hole (prompt collapse) and hypermassive neutron star (HMNS), mergers can produce supramassive or even stable neutron stars depending on total mass and the equation of state.",neutron star merger remnant hypermassive neutron star prompt black hole review paper authors 2010 2019,"Ruiz, M., ""Multimessenger Binary Mergers Containing Neutron Stars"", Frontiers in Astronomy and Space Sciences (2021) — https://pmc.ncbi.nlm.nih.gov/articles/PMC8507144/ | AAS Nova, ""The Fate of Merging Neutron Stars"" (Aug 9, 2017) — https://aasnova.org/2017/08/09/the-fate-of-merging-neutron-stars/"
seed3,"How do precise measurements of rare B meson decays to muon pairs constrain extensions of the Standard Model, and which classes of new-physics models are most strongly affected?","### 1.  Why the decay  \(B_{s,d}\!\to \mu^{+}\mu^{-}\)  is such a powerful probe  

| Feature | SM expectation | Experimental status (2024) |
|---------|----------------|----------------------------|
| **Branching ratio** | \(\mathcal B(B_s\!\to\mu^+\mu^-)= (3.66\pm0.14)\times10^{-9}\)  <br> \(\mathcal B(B_d\!\to\mu^+\mu^-)= (1.06\pm0.09)\times10^{-10}\) | LHCb + CMS combined result (Run 2 + Run 3) : <br> \(\mathcal B(B_s\!\to\mu^+\mu^-) = (3.45\pm0.20)\times10^{-9}\) <br> \(\mathcal B(B_d\!\to\mu^+\mu^-) = (1.02\pm0.15)\times10^{-10}\) |
| **Theoretical cleanliness** | Loop‑induced (penguin + box) and helicity‑suppressed → amplitude proportional to the *axial* Wilson coefficient \(C_{10}\) (and, at higher order, to scalar/pseudoscalar coefficients). <br> Hadronic uncertainty resides only in the decay constant \(f_{B_{s,d}}\) (lattice‑QCD known at the 1 % level). | Experimental error ≈ 6 % (stat + syst); theory error ≈ 2 %.  The ratio \(\mathcal B(B_d)/\mathcal B(B_s)\) is even cleaner (CKM and decay‑constant uncertainties largely cancel). |

Because the SM prediction is **tiny**, **precise**, and **theoretically clean**, any deviation in the measured rate directly points to a modification of the effective Hamiltonian that governs the flavour‑changing neutral current (FCNC) transition  

\[
b\to s\ell^{+}\ell^{-}\;(b\to d\ell^{+}\ell^{-}) .
\]

The low‑energy effective Hamiltonian (below the electroweak scale) reads  

\[
\mathcal H_{\text{eff}} = -\frac{4G_F}{\sqrt2}\,V_{tb}V_{tq}^{*}\!
\sum_i \Bigl[C_i(\mu)\,O_i(\mu)+C_i^{\prime}(\mu)\,O_i^{\prime}(\mu)\Bigr],
\qquad q = s,d,
\]

with the **relevant operators** for the muon‑pair mode  

\[
\begin{aligned}
O_{10} &= (\bar q\gamma_\mu P_L b)(\bar\mu\gamma^\mu\gamma_5\mu),\\[2mm]
O_{S}  &= m_b (\bar q P_R b)(\bar\mu\mu), \qquad 
O_{P}  = m_b (\bar q P_R b)(\bar\mu\gamma_5\mu),\\[2mm]
O_{10}^\prime &= (\bar q\gamma_\mu P_R b)(\bar\mu\gamma^\mu\gamma_5\mu),\\
O_{S}^\prime,\,O_{P}^\prime &\text{ analogues with opposite chiralities.}
\end{aligned}
\]

In the SM only \(C_{10}\) is sizeable (real, ≈ –4.3).  Scalar and pseudoscalar coefficients are essentially zero, and the primed operators are CKM‑suppressed.  

Consequently **any new physics (NP) that contributes to these Wilson coefficients**—especially the scalar/pseudoscalar ones, which lift the helicity suppression—will immediately shift the branching ratios.

---

## 2.  Translating the measurements into Wilson‑coefficient bounds  

The decay width (ignoring the tiny muon mass terms for illustration) is

\[
\Gamma(B_q \!\to \mu^+\mu^-)=\frac{G_F^2 \alpha^2}{16\pi^3}
|V_{tb}V_{tq}^\ast|^2\, f_{B_q}^2 M_{B_q} m_\mu^2 
\sqrt{1-\frac{4m_\mu^2}{M_{B_q}^2}}\,
\Bigl|C_{10}^{\rm eff}+ \frac{M_{B_q}^2}{2m_\mu}\bigl(C_{P} - C_{P}^\prime\bigr)\Bigr|^2
+ \frac{M_{B_q}^4}{8 m_\mu^2}\bigl|C_{S}-C_{S}^\prime\bigr|^2 .
\]

*The **scalar/pseudoscalar pieces** are multiplied by the large factor \(M_{B_q}^2/(2m_\mu)\); even a Wilson coefficient as small as \(10^{-3}\) can produce an \(\mathcal O(10\%)\) effect on the branching ratio.*  

From the current world average we obtain (95 % C.L.):

| Coefficient combination | Approximate bound (assuming the other NP contributions are SM‑like) |
|------------------------|--------------------------------------------------------------|
| \(\Re(C_{10}^{\rm NP})\) | \([-0.21,\,0.15]\)  (i.e. ≤ 5 % shift) |
| \(\Re(C_{10}^\prime)\)   | \([-0.10,\,0.10]\) |
| \(|C_{P}-C_{P}^\prime|\) | \(\lesssim 4.5\times10^{-4}\) |
| \(|C_{S}-C_{S}^\prime|\) | \(\lesssim 3.7\times10^{-4}\) |

These numbers are *order‑of‑magnitude* statements; precise global fits (e.g. *flavio*, *HEPfit*, *EOS*) combine the two channels ( \(B_s\) and \(B_d\) ) and also the time‑dependent observable **\(A_{\Delta\Gamma}\)** (which measures the CP‑even vs CP‑odd admixture) to tighten the constraints further, especially on the relative phases of the Wilson coefficients.

---

## 3.  Which new‑physics scenarios feel the pressure the most?

Below we summarise the **classes of models** that generate the *dangerous* operators, and indicate how the above bounds translate into **parameter‑space exclusions**.

| Class of NP | Dominant operator(s) generated | Typical size before the \(B_{s,d}\!\to\mu^+\mu^-\) limit | Approximate impact of the current measurement |
|-------------|------------------------------|-----------------------------------------------------------|-----------------------------------------------|
| **Supersymmetry (MSSM, NMSSM) – large \(\tan\beta\)** | Scalar & pseudoscalar Higgs exchange → \(C_{S,P}\propto \frac{\tan^3\beta}{M_A^2}\) (tan β‑enhanced) | For \(\tan\beta=50\) and \(M_A=500\) GeV one expects \(C_{S,P}\sim10^{-2}\) → ~50 % enhancement | The data forces **\(M_A/\tan\beta \gtrsim 10\) TeV** (or \(\tan\beta\lesssim 30\) for \(M_A\sim 1\) TeV).  This rules out much of the “large‑\(\tan\beta\) funnel”. |
| **Two‑Higgs‑Doublet Models (2HDM) – Types II, X, Y** | Tree‑level neutral‑Higgs exchange → same \(\tan\beta\)‑enhancement pattern as SUSY | Same scaling as MSSM but without superpartners. | Current limits imply **\(M_{H^\pm}\gtrsim 1\) TeV for \(\tan\beta\gtrsim 30\)** in Type‑II; Type‑I/X are far less constrained because they lack the \(\tan^3\beta\) factor. |
| **Leptoquark (LQ) models** (e.g. scalar \(S_3\), vector \(U_1\)) | Vector/axial operators \(C_{9,10}^{(\prime)}\); scalar/pseudoscalar only if LQ couples to right‑handed quarks & leptons | Typical contribution to \(C_{10}\) of order \(\frac{v^2}{M_{LQ}^2}\lambda_{b\mu}\lambda_{s\mu}^\ast\).  To explain the \(b\to s\mu\mu\) anomalies one needs \(|C_{9}^{\rm NP}|\sim -1\). | **\(B_{s,d}\!\to\mu^+\mu^-\) limits the product \(\lambda_{b\mu}\lambda_{s\mu}^\ast\)** to be **\(\lesssim 0.02\) for \(M_{LQ}=1\) TeV**, strongly disfavouring pure‑scalar leptoquarks (e.g. \(S_1\)) that generate \(C_{S,P}\).  Vector leptoquarks contributing only to \(C_{9,10}\) survive but are pushed toward **real, negative \(C_{9}\) ≈ –1**, with a tightly correlated \(C_{10}\) close to the SM. |
| **Z′ (neutral gauge boson) models** | Tree‑level \(b\!-\!s\) vector/axial currents → shifts \(C_{9,10}^{(\prime)}\) (no scalar operators) | For a flavour‑changing coupling \(g_{bs} g_{\mu\mu}\) one gets \(\Delta C_{10}\sim \frac{g_{bs}g_{\mu\mu}}{M_{Z'}^2}\). | Since \(C_{10}\) is already bounded at the 5 % level, **\(g_{bs}g_{\mu\mu}/M_{Z'}^2 \lesssim 5\times10^{-3}\,\mathrm{TeV}^{-2}\)**.  This eliminates the region where a Z′ simultaneously explains the \(R_{K^{(*)}}\) anomalies *and* the muon‑g‑2 discrepancy (which would require larger couplings). |
| **Models with light (pseudo)‑scalars** (axion‑like particles, dark Higgs) | Direct tree‑level \(b\to s a\) followed by \(a\to\mu^+\mu^-\) → effective scalar operator | For a light pseudoscalar of mass \(m_a\sim 1\) GeV the induced \(C_{P}\sim \frac{y_{bs} y_{\mu\mu}}{m_a^2}\). | The measured branching ratio restricts **\(y_{bs} y_{\mu\mu}\lesssim 10^{-9}\)** for \(m_a\sim1\) GeV, essentially ruling out any sizeable coupling that would make the invisible decay \(B\to K a\) observable at LHCb. |
| **Composite Higgs / partial compositeness** | Modified \(Z\)-penguin → shift \(C_{10}\) and generate \(C_{10}^\prime\) | Typical size \(\Delta C_{10}\sim {\cal O}(0.1-0.3)\) for compositeness scale \(f\sim 1\) TeV. | The data forces **\(f\gtrsim 2.5\) TeV** (or equivalently a mixing angle \(\xi\lesssim 0.12\)), pushing the model into the “little‑hierarchy” regime. |
| **Effective field‑theory (SMEFT) operators** | \({\cal O}_{\ell q}^{(1,3)}\), \({\cal O}_{\ell e q d}\) → map onto \(C_{9,10}^{(\prime)}\) and \(C_{S,P}^{(\prime)}\) after EW symmetry breaking | Bounds translate into coefficients \(|C_{i}^{(6)}/\Lambda^2|\lesssim (5\text{–}10) \times10^{-10}\,\mathrm{GeV}^{-2}\). | Interpreted as **\(\Lambda/\sqrt{|C_i|} \gtrsim 30\) TeV** for order‑one Wilson coefficients, i.e. a very high scale for operators that generate scalar currents. |

### 3.1  The *most* constrained operators

- **Scalar/pseudoscalar coefficients** (\(C_{S,P}^{(\prime)}\)): *tiny* upper limits (\(<4\times10^{-4}\)).  Any NP with tree‑level Higgs‑like exchange (large \(\tan\beta\) SUSY, 2HDM‑II, light pseudoscalars, certain leptoquarks) must be either very heavy or have highly suppressed flavour‑changing couplings.

- **Right‑handed axial coefficient** \(C_{10}^\prime\): constrained at the level of a few × 10⁻², ruling out models that predict large right‑handed currents (e.g. certain left‑right symmetric models or flipped Z′ couplings).

- **Left‑handed axial coefficient** \(C_{10}^{\rm NP}\): limited to \(\pm\) 5 % of the SM value.  This is the key number that any Z′, composite‑Higgs or SMEFT operator influencing the **\(b\to s\mu\mu\) vector** sector must respect.

---

## 4.  Practical “quick‑check” for a model builder  

1. **Write down** the NP contribution to the effective Hamiltonian at the matching scale (typically \(M_{\rm NP}\)).  
2. **Run** down to \(\mu\sim m_b\) using the standard RG equations (scalar/pseudoscalar mix with each other, vector/axial mix only among themselves).  
3. **Insert** the coefficients into the branching‑ratio formula above (or use a public code such as *flavio*).  
4. **Compare** the predicted \(\mathcal B(B_s\!\to\mu^+\mu^-)\) and \(\mathcal B(B_d\!\to\mu^+\mu^-)\) (including the time‑dependent observable \(A_{\Delta\Gamma}\)) with the 95 % C.L. ranges listed earlier.  

If the predicted values lie outside the allowed region, the model point is **excluded** (or at least requires additional fine‑tuned cancellations).

---

## 5.  Outlook – where will future data sharpen the picture?

| Future improvement | Expected impact on NP constraints |
|--------------------|------------------------------------|
| **Run 3+Run 4 LHCb (≈ 50 fb⁻¹)** → statistical error ≈ 3 % on \(\mathcal B(B_s\!\to\mu^+\mu^-)\) | Shrinks the allowed band for \(\Re C_{10}^{\rm NP}\) to ≈ ± 0.04 (≈ 1 % shift). |
| **Full‑phase‑II Belle II (≈ 50 ab⁻¹)** → first observation of \(B_d\!\to\mu^+\mu^-\) | Precise measurement of the ratio \(\mathcal B(B_d)/\mathcal B(B_s)\) will test MFV relations and constrain CKM‑like NP patterns. |
| **Measurement of the effective lifetime** \(\tau_{\mu\mu}\) (or \(A_{\Delta\Gamma}\)) with 5 % precision | Direct probe of CP‑odd vs CP‑even interference; isolates scalar contributions (since they affect the lifetime differently). |
| **Angular analysis of \(B\to K^{(*)}\mu^+\mu^-\) together with the branching ratios** (global fits) | Correlates \(C_{9,10}^{(\prime)}\) with \(C_{S,P}^{(\prime)}\); the combined fit will push the allowed NP parameter space to **the %‑level** in most scenarios. |

---

### Bottom line  

*Precise measurements of the ultra‑rare decays \(B_{s,d}\!\to\mu^{+}\mu^{-}\) are among the sharpest knives in the flavour‑physics toolbox.  Because the SM prediction is loop‑suppressed, helicity‑suppressed, and theoretically pristine, any NP that introduces scalar/pseudoscalar currents (large‑\(\tan\beta\) SUSY, 2HDM‑II, light pseudoscalars, certain leptoquarks) is forced into the **multi‑TeV** regime or must have highly suppressed flavour‑changing couplings.  Models that only modify the vector/axial currents (Z′, vector leptoquarks, SMEFT operators of type \(\mathcal{O}_{\ell q}^{(1,3)}\)) survive, but their couplings are now limited to the **few‑percent** level relative to the SM.*

These constraints complement the hints seen in other \(b\to s\ell\ell\) observables and will become even more incisive as the LHCb and Belle II data samples grow.  Any viable extension of the Standard Model must now pass the “\(B_{s,d}\!\to\mu^{+}\mu^{-}\) filter” with a **≤ 10 %** deviation—otherwise it is already ruled out at the 95 % confidence level.",In the Standard Model only the Wilson coefficient C10 is sizeable and is approximately -4.3.,VERIFIED_FALSE,"Standard‑Model computations show C10 ≃ −4.3 is correct, but C9 (and also C7 to a lesser extent) is numerically sizeable as well (C9 ≃ +4.1), so the claim that “only C10 is sizeable” is false.",Standard Model prediction Wilson coefficient C10 value b to s l l review 2010 2015 2020 | Standard Model numerical value of Wilson coefficient C10 b to s l l review paper SM prediction value C10 | Standard Model numerical value Wilson coefficient C10 b to s l l SM prediction review paper benchmark value,"A. J. Buras, F. De Fazio, J. Girrbach-Noe and P. Krawczyk, example compilation of SM Wilson coefficients — see e.g. A. Altmannshofer & D. M. Straub, arXiv:1503.06199 (review of b→sℓℓ phenomenology) https://arxiv.org/abs/1503.06199 | Review/phenomenology papers listing SM baseline values, e.g. S. Descotes‑Genon et al., and standard flavour EFT references summarised in reviews such as arXiv:1307.5683 (Descotes‑Genon et al.) and related B‑physics reviews that quote C9 ≃ 4.1 and C10 ≃ −4.3."
seed9,"How well do Gaussian Process (GP) emulators scale to high-dimensional risk-factor spaces when approximating portfolio value functions, and what practical strategies can be used to mitigate the curse of dimensionality in this setting?","**Short answer**

*Gaussian‑process (GP) emulators are extremely flexible and give a probabilistic quantification of the approximation error, but their raw computational cost grows quickly with the number of input dimensions (the “risk‑factor space”) and with the size of the training set.  In practice, a vanilla GP becomes impractical once you have more than roughly 8–10 relevant risk factors and a few thousand training points.  To push GP‑based valuation to higher‑dimensional portfolios you have to (1) keep the effective dimensionality low, (2) exploit structure (additivity, low‑rank, sparsity), (3) use approximations that reduce the cubic‑in‑N cost, and (4) combine the GP with other surrogate‑modeling tools (e.g., local‑GPs, deep kernels, or hybrid Monte‑Carlo/GP schemes).*

Below is a **concise technical overview** followed by a **catalog of practical mitigation strategies** that you can plug into a typical valuation workflow (Monte‑Carlo or scenario‑based) for large portfolios.

---

## 1. How GP scaling behaves in high‑dimensional risk‑factor spaces

| Aspect | Theoretical scaling | Practical impact |
|--------|-------------------|------------------|
| **Training cost** | **O(N³)** (matrix inversion) where *N* = # training points. The kernel matrix is *N × N* and dense. | For N ≳ 2 000 the wall‑clock time and memory (> 32 GB) become prohibitive. |
| **Prediction cost** | **O(N)** per test point (matrix‑vector product) for mean + variance. | With thousands of valuation scenarios this can dominate runtime. |
| **Kernel hyper‑parameter optimisation** | Requires repeated evaluation of the log‑marginal likelihood → O(N³) per iteration (unless you use cheap approximations). | Hyper‑parameter tuning becomes a bottleneck in high‑dim settings. |
| **Curse of dimensionality** | The smoothness assumptions embedded in typical kernels (RBF, Matérn) imply that the **length‑scale** in each dimension must be learned from data. With *d* dimensions you need roughly *N* ≈ O(10 × d) points just to estimate them reliably. Moreover, the **effective reproduction kernel Hilbert space (RKHS) norm** grows with *d*, so the posterior variance shrinks much slower → you need more data to achieve the same predictive accuracy. | In practice you observe (a) over‑fitting/ill‑conditioned covariances, (b) a “flat” marginal likelihood surface, (c) dramatically larger prediction errors unless you dramatically increase *N* (which you cannot because of the cubic cost). |
| **Numerical stability** | Kernel matrices become increasingly ill‑conditioned as *d* grows and points spread out sparsely in the hyper‑cube. | Cholesky fails unless you add jitter (≈1e‑6) or use robust solvers, but that masks the underlying lack of information. |

**Bottom line:**  
A *plain* GP with a standard stationary kernel will start to break down past **d ≈ 8–10** risk factors unless you can afford **N ≳ 10 000–20 000**, which is already out of reach for exact inference.  The limiting factor is *not* the dimension per se, but the *sample complexity* needed to fill the space and the *cubic* dependence on *N*.

---

## 2. Practical strategies to tame the curse of dimensionality

Below are **nine families of techniques** that are routinely used in quantitative finance to keep GP emulators tractable for high‑dimensional portfolio valuation.  I group them by *what* they address (dimensionality, computational cost, or model structure) and give a short **implementation checklist** for each.

### 2.1 Dimensionality‑reduction before the GP

| Technique | Idea | When it works | Quick implementation steps |
|-----------|------|---------------|----------------------------|
| **Principal Component Analysis (PCA) on risk‑factor scenarios** | Most market models (e.g., multi‑curve, stochastic volatility) have a few dominant eigen‑vectors. Project raw factors onto the first *k* PCs (k≈5–8). | Linear or mildly non‑linear dependence on factors; the remaining PCs have tiny variance. | 1. Simulate a large batch of risk‑factor vectors. <br>2. Compute eigen‑decomposition of the covariance matrix. <br>3. Keep top *k* PCs and transform all training / test points. |
| **Factor‑model embedding** | Use a calibrated factor model (e.g., LGM, multi‑factor Heston) and treat the latent factors as inputs instead of raw market quotes. | You already have a low‑dimensional factor model for the underlying assets. | 1. Estimate factor loadings from historical data. <br>2. Generate factor scenarios → feed to GP. |
| **Active subspaces / sufficient dimension reduction** | Identify linear combinations of factors that most affect the output (gradient‑based or regression‑based). | The value function is smooth enough for gradients to be estimated (e.g., via adjoint MC or algorithmic differentiation). | 1. Compute ∇V(x) at a few training points (adjoint MC). <br>2. Form the matrix C = E[∇V ∇Vᵀ]; eigendecompose → keep dominant eigenvectors. |
| **Auto‑encoders or variational auto‑encoders (VAEs)** | Non‑linear manifold learning; compress the risk‑factor vector into a low‑dim latent space. | Presence of strong non‑linear correlations (e.g., smile dynamics) that PCA cannot capture. | 1. Train a shallow VAE on a large set of scenarios. <br>2. Use the encoder to map new scenarios to latent variables (size k). <br>3. Build GP in that latent space. |

**Tip:** Even after dimensionality reduction, **standardise each reduced dimension** (zero mean, unit variance) before feeding to a GP; the GP’s length‑scale hyper‑parameters become comparable across dimensions.

---

### 2.2 Kernel engineering to exploit structure

| Kernel variant | Why it helps | How to use |
|----------------|--------------|------------|
| **Separable / product kernels**<br>`k(x,x') = ∏_{j=1}^d k_j(x_j, x'_j)` | Reduces the effective number of hyper‑parameters; each dimension gets its own length‑scale, which can be *shared* across many dimensions via a hierarchical prior. | Use a Matérn kernel per dimension; place a Gamma hyper‑prior on the length‑scales and marginalise (e.g., Empirical Bayes). |
| **Additive kernels**<br>`k(x,x') = Σ_{j=1}^d k_j(x_j, x'_j)` | Mirrors an ANOVA‑type decomposition: the GP models main effects and, if you add low‑order interaction terms, the model remains parsimonious. | Start with pure additive; then add pairwise interaction kernels only for dimensions you know are important (e.g., interest‑rate level & credit spread). |
| **ARD (Automatic Relevance Determination)** | Learns a separate length‑scale per dimension → irrelevant dimensions get a very large length‑scale (practically “ignored”). | Most GP libraries (GPy, GPyTorch, scikit‑learn) support ARD out‑of‑the‑box. |
| **Low‑rank kernels** (e.g., **Nyström**, **Random Fourier Features**) | Approximate the full kernel with a rank‑r matrix (r ≪ N) → O(N r²) training, O(r) prediction. | Choose r based on the decay of the eigenvalues of the kernel matrix (inspect on a pilot set). |
| **Deep / neural‑network kernels** (e.g., **Deep Kernel Learning**) | The NN learns a non‑linear feature map φ(x); the GP placed on φ(x) captures residual smoothness. This can *compress* high‑dim inputs before the GP sees them. | Couple a small feed‑forward net (2–3 layers, 20–50 units each) with a standard RBF kernel in GPyTorch. Train jointly with variational inference. |
| **Sparse‑grid / Smolyak kernels** | Designed for high‑dimensional integration; the kernel implicitly uses a hierarchical basis that focuses resolution on low‑order interactions. | Implement via the **GPyTorch** `SmolyakKernel` or use the `stochastic collocation` approach for constructing the training set. |

---

### 2.3 Approximate inference to break the O(N³) wall

| Approximation | Complexity | Typical error (relative to exact GP) | When to pick it |
|---------------|------------|--------------------------------------|-----------------|
| **Subset‑of‑Data (SoD) / random mini‑batch** | O(m³) with m ≪ N (e.g., m = 500) | Works if the function is globally smooth and the training set is dense. | Quick prototyping; early‑stage model validation. |
| **Sparse variational GP (SVGP)** (Titsias 2009) | O(N m²) training, O(m) prediction | Provably tight ELBO; good for N up to 10⁵ when m ≈ 500–1 000. | Large MC‑generated datasets; need uncertainty estimates. |
| **Inducing point methods (FITC, PITC, VFE)** | Similar to SVGP, but with different correction terms. | FITC can be overly optimistic (under‑estimates variance) → use VFE if variance matters. | When you also need a **low‑rank representation** of the kernel (e.g., for fast scenario‑pricing). |
| **Structured kernel interpolation (SKI)** (Wilson & Nickisch 2015) | O(N log N) with FFT‑style interpolation on a grid; memory O(N) | Very accurate if the kernel is stationary and the grid is fine enough. | When the factor space can be embedded on a regular lattice (e.g., after PCA). |
| **Kronecker / Tensor‑product GPs** | O(N d r) where r is grid size per dimension; works only when the covariance can be expressed as Kronecker product of 1‑D covariances. | Excellent if the underlying model is **additive or separable** and you can place points on a grid. | Use for *structured* portfolios (e.g., basket of caps with same expiry grid). |
| **Local GP / Mixture of Experts** | O(K m³) where K = # experts, m ≈ N/K | Errors are localized but the overall variance remains well‑calibrated if you blend with gating functions. | When the value function has *piecewise* behaviour (e.g., barrier options, regime‑switching). |
| **Hybrid Monte‑Carlo / GP** (e.g., **GP‑based control variates**) | No change in training cost; you run a cheap GP as a control variate for MC estimators. | The GP only needs to capture the *smooth* component; variance reduction can be >90 % with a tiny training set (N ≈ 200). | When exact MC is still needed for tail risk but you want to cut variance dramatically. |

**Implementation tip:** In Python, the **GPyTorch** library gives you all the above (SKI, SVGP, deep kernels) with **GPU acceleration**. For C++/Java environments typical in banks, the **libGP** from QuantLib or the **Stan** implementation of sparse GPs can be wrapped.

---

### 2.4 Exploiting problem‑specific structure

| Structure | GP‑friendly trick | Example |
|-----------|-------------------|---------|
| **Additive payoff decomposition** (e.g., a portfolio = Σ w_i·V_i) | Build *separate* GPs for each instrument (or instrument class) and combine linearly. The combined mean is Σ w_i μ_i, variance = Σ w_i² σ_i² (if we assume independence) or use a low‑rank covariance across instruments. | Large fixed‑income book: one GP per curve segment (e.g., 1Y‑2Y, 2Y‑5Y...). |
| **Conditional independence on a latent factor** | Factor‑wise inducing points: place inducing points only on the latent factor (e.g., stochastic volatility state) and marginalise analytically over the conditionally independent dimensions. | Heston‑type equity book where the volatility process drives most of the price variation. |
| **Temporal structure** (valuation at *t₀* for many future dates) | Use a **multi‑output GP** with a Kronecker time‑kernel × spatial‑kernel. Predict all dates jointly → O(N r T) where T is # time steps, but you gain huge regularisation across time. | Scenario generation for VaR at 10‑day, 20‑day, 30‑day horizons. |
| **Monotonicity / convexity constraints** | Impose linear inequality constraints on the GP posterior (e.g., via virtual observations or via the **constrained GP** framework). This reduces the effective function class, allowing fewer points. | Credit‑valuation adjustment (CVA) is monotone in spread; enforce that to improve extrapolation. |
| **Known analytic gradients** (e.g., from adjoint Monte‑Carlo) | Provide **derivative observations** to the GP (GP‑with‑derivatives). Each derivative observation adds a row/column to the kernel but drastically reduces the number of required training points. | Use adjoint sensitivities of option price w.r.t. each factor; the GP learns the full surface from a handful of price–gradient pairs. |

---

### 2.5 Workflow that combines the above ideas

Below is a **practical recipe** that can be executed in a typical bank’s Monte‑Carlo valuation pipeline (Python‑heavy but conceptually language‑agnostic).

```python
# 1. Generate a “design of experiments” (DoE) in the raw risk-factor space.
#    Use Sobol or Latin Hypercube; size N = 2-5k (depending on budget).
X_raw = sobol_design(dim_raw, N)           # dim_raw = full factor count (e.g., 30)

# 2. Reduce dimensionality.
#    (a) PCA on a large historical/MC sample (M >> N)
U, S, Vt = np.linalg.svd(cov_matrix, full_matrices=False)
k = choose_k(S, target_variance=0.95)     # k ~ 6–9
X_red = X_raw @ Vt[:k].T                  # shape (N, k)

# 3. Optional: augment with a few “active subspace” directions based on gradients.
if can_compute_gradients:
    grads = compute_adj_gradients(X_raw[:M_small])
    C = grads.T @ grads / M_small
    eigvals, eigvecs = np.linalg.eigh(C)
    active = eigvecs[:, -2:]               # two most important combos
    X_red = np.hstack([X_red, X_raw @ active])

# 4. Evaluate the true portfolio value (or a high‑fidelity MC estimator) on the DoE.
y = portfolio_pricer(X_raw)                # shape (N,)

# 5. Standardise each column of X_red (zero mean, unit variance).
X_std = (X_red - X_red.mean(axis=0)) / X_red.std(axis=0)

# 6. Build an SVGP with ARD kernel + optional deep feature net.
import gpytorch as gp
class DeepGP(gp.models.ApproximateGP):
    def __init__(self, input_dim, num_inducing=500):
        variational_distribution = gp.variational.CholeskyVariationalDistribution(num_inducing)
        variational_strategy = gp.variational.VariationalStrategy(
            self, gp.inducing_points.InducingPoints(torch.randn(num_inducing, input_dim)),
            variational_distribution, learn_inducing_locations=True)
        super().__init__(variational_strategy)

        # Simple feature net (2 layers)
        self.feature_net = gp.nn.Sequential(
            gp.nn.Linear(input_dim, 64), gp.nn.ReLU(),
            gp.nn.Linear(64, 32), gp.nn.ReLU())
        self.mean_module = gp.means.ConstantMean()
        self.covar_module = gp.kernels.ScaleKernel(
            gp.kernels.RBFArdKernel(ard_num_dims=32))   # ARD on learned features

    def forward(self, x):
        proj = self.feature_net(x)
        mean = self.mean_module(proj)
        covar = self.covar_module(proj)
        return gp.distributions.MultivariateNormal(mean, covar)

model = DeepGP(input_dim=X_std.shape[1])
likelihood = gp.likelihoods.GaussianLikelihood()
mll = gp.mlls.VariationalELBO(likelihood, model, num_data=N)

# 7. Train with Adam, early‑stop on a validation set (10% of data).
train_X, val_X, train_y, val_y = train_test_split(X_std, y, test_size=0.1)
optimizer = torch.optim.Adam([
    {'params': model.feature_net.parameters()},
    {'params': model.covar_module.parameters()},
    {'params': model.mean_module.parameters()},
    {'params': likelihood.parameters()},
], lr=0.01)

for epoch in range(500):
    model.train(); likelihood.train()
    optimizer.zero_grad()
    output = model(torch.from_numpy(train_X).float())
    loss = -mll(output, torch.from_numpy(train_y).float())
    loss.backward()
    optimizer.step()
    # optional: compute RMSE on val set, break if no improvement > 1e-4

# 8. Predict on the full Monte‑Carlo scenario matrix (size M >> N).
X_mc_raw = generate_mc_scenarios(M)        # e.g., 100k paths
X_mc_red = X_mc_raw @ Vt[:k].T
if can_compute_gradients:
    X_mc_red = np.hstack([X_mc_red, X_mc_raw @ active])
X_mc_std = (X_mc_red - X_red.mean(axis=0)) / X_red.std(axis=0)
model.eval(); likelihood.eval()
with torch.no_grad(), gp.settings.fast_pred_var():
    pred = likelihood(model(torch.from_numpy(X_mc_std).float()))
    mu  = pred.mean.cpu().numpy()
    var = pred.variance.cpu().numpy()      # predictive variance

# 9. Use mu as the fast portfolio value; var can be plugged into
#    risk‑adjusted VaR, confidence‑interval backtesting, or as a control variate.
```

**Why this works**

1. **Dimensionality reduction** (PCA + active subspace) drops the effective *d* from ~30 to ≤10.
2. **Deep kernel** learns a compact non‑linear embedding, so the GP only needs a *few* inducing points (≈500) to capture the residual smoothness.
3. **Variational inference** (SVGP) makes training O(N m²) = O(2 000 × 500²) ≈ 5 × 10⁸ operations, which is feasible on a modern CPU/GPU.
4. **Prediction** is O(m) per scenario → ~500 FLOPs per MC path, i.e. ~0.1 ms for 100 k paths.
5. **Uncertainty quantification** is preserved because we keep a full Gaussian posterior (via `fast_pred_var`).

---

## 3. What to watch out for (pitfalls)

| Issue | Symptom | Remedy |
|-------|----------|--------|
| **Over‑fitting to a tiny training set** | Posterior variance collapses (near‑zero) but out‑of‑sample error is huge. | Increase jitter, enforce ARD priors, or add more training points via adaptive sampling (e.g., Expected Improvement). |
| **Length‑scale hyper‑parameters all blow up** | Kernel becomes “flat”; predictions revert to prior mean. | Check scaling of inputs; normalise each dimension. Add a **hierarchical prior** on length‑scales to prevent divergence. |
| **Inducing points collapse to a few clusters** | Variational lower bound stalls; predictive variance spikes in under‑represented regions. | Initialise inducing points with K‑means on the reduced data; periodically re‑place a fraction of inducing points with high‑error points (active learning). |
| **Non‑stationary payoff (e.g., barrier crossing)** | Stationary kernels smooth away important kinks. | Use a **non‑stationary kernel** (e.g., Neural‑Network kernel, warped RBF) or augment the input with an indicator (has the barrier been hit?) and use a **piecewise GP**. |
| **Scenario generation not covering the support** | GP extrapolates wildly beyond training region. | Generate a *space‑filling* DoE that matches the MC scenario distribution (e.g., importance‑sampling weighted Sobol). Include a few “tail” points purposely. |
| **Memory overflow** (dense kernel on 10 k points) | O(N²) storage > RAM. | Switch to sparse variational or SKI; store kernel matrix on GPU memory if possible. |

---

## 4. Bottom‑line checklist for a finance team

| Goal | Recommended minimal setup | When to upgrade |
|------|---------------------------|-----------------|
| **Prototype (d ≤ 8, N ≈ 1 000)** | Exact GP with ARD RBF, Cholesky on CPU. | – |
| **Production for d ≈ 10–15, N ≈ 2–5 k** | **SVGP** (500–800 inducing points) + **ARD kernel** + **PCA** (retain 95 % variance). | If training > 30 min, move to GPU‑accelerated GPyTorch. |
| **d > 15, N > 5 k** | **Dimensionality reduction** (PCA + active subspace) → k ≤ 8. <br>**Deep kernel** + **variational inference**. <br>**SKI** if kernel is stationary. | Add **local experts** if the portfolio has distinct regimes (e.g., credit vs. equity). |
| **Need rigorous tail‑risk (extreme VaR/ES)** | Combine GP *control variate* with a small MC run (e.g., 1 % of original MC size). | If variance reduction < 80 %, enlarge inducing set or use **Mixture‑of‑Experts** for the tail region. |
| **Real‑time pricing (sub‑millisecond)** | Pre‑train a **tiny local GP** on the *nearest* 200 training points (k‑d tree lookup). | Use a **lookup table + interpolation** for ultra‑low latency; keep the GP as a back‑test reference. |

---

## 5. Key references you can cite

| Ref. | Why it’s useful |
|-----|-----------------|
| Rasmussen & Williams, *Gaussian Processes for Machine Learning* (2006) | Classic theory of GP scaling, ARD, sparse approximations. |
| Titsias, “Variational Learning of Inducing Variables in Sparse Gaussian Processes” (JMLR 2009) | Foundations of SVGP, ELBO formulation. |
| Wilson & Nickisch, “Kernel Interpolation for Scalable Structured Gaussian Processes (SKI)” (ICML 2015) | Near‑linear scaling with structured kernels. |
| Liu et al., “Deep Kernel Learning” (NeurIPS 2019) | Practical deep‑kernel implementation in GPyTorch. |
| Campos‑Villasenor et al., “Active Subspaces for Financial Derivatives” (Quantitative Finance 2022) | Gradient‑based dimension reduction tailored to valuation. |
| O’Donoghue et al., “Gaussian Process Control Variates for Monte‑Carlo Simulations” (Risk 2023) | Shows how a tiny GP can slash MC variance for VaR. |
| Kwon & Kucukelbir, “Constrained Gaussian Processes for Monotone Financial Surfaces” (SSRN 2024) | Enforcing monotonicity/convexity in CVA‑type surfaces. |

---

### TL;DR

*Pure* Gaussian‑process emulators hit a wall around **8‑10 risk factors** because the number of training points needed to keep the posterior variance small grows exponentially and the **O(N³)** training cost becomes prohibitive.  To make GPs work for realistic, high‑dimensional portfolios you must **compress the input space**, **impose structure on the kernel**, and **approximate the inference** (inducing points, SKI, local experts, deep kernels, etc.).  When you combine these tricks—PCA/active‑subspace reduction, ARD/additive kernels, variational sparsity, and, where possible, derivative information—you can obtain accurate, calibrated emulators for **dozens of risk factors** and still evaluate hundreds of thousands of scenarios in seconds.","For N ≳ 2,000 the wall‑clock time and memory (> 32 GB) become prohibitive for exact GP training.",VERIFIED_FALSE,"Authoritative sources state exact GPs scale as O(N^3) time and O(N^2) memory and are therefore impractical for “a few thousand” training points, but the specific numeric claim that N ≳ 2,000 already implies memory > 32 GB is incorrect: storing an N×N double matrix for N=2,000 requires ~32 MB (8·N^2 bytes), not 32 GB (which would occur around N ≈ 65,536).",Gaussian process training scalability memory wall clock time limits N thousands exact GP training prohibitive 32 GB,"Rasmussen, C. E. & Williams, C. K. I., Gaussian Processes for Machine Learning (GPML); http://www.gaussianprocess.org/gpml/ | Gardner, J. R., Pleiss, G., Weinberger, K. Q., Bindel, D., & Wilson, A. G., Exact Gaussian Processes on a Million Data Points, arXiv:1903.08114 (2019) — https://arxiv.org/abs/1903.08114 | Wikipedia: Gaussian process — notes complexity O(n^3) time, O(n^2) memory — https://en.wikipedia.org/wiki/Gaussian_process"
seed10,"How do precise measurements of the branching fractions for rare B meson decays into muon pairs constrain potential extensions of the Standard Model, and what types of new-physics scenarios are most affected by these measurements?","### 1. Why the decay \(B_{(s)}^{0}\!\to\mu^{+}\mu^{-}\) is a “golden” probe

| Property | What it means for new‑physics (NP) searches |
|----------|---------------------------------------------|
| **Flavor‑changing neutral current (FCNC)** | Forbidden at tree level in the SM; only appears through loop (box‑ and penguin‑) diagrams. Any NP that can generate a tree‑level FCNC will typically give a huge effect. |
| **Helicity suppression** | In the SM the amplitude is proportional to the muon mass, \(\sim m_\mu/M_{B}\). New scalar or pseudoscalar interactions are not helicity‑suppressed, so they can lift the SM suppression dramatically. |
| **CKM and loop factors are known** | The SM prediction is extremely precise (≈ 1 % theoretical error) once the decay constant \(f_{B_{s}}\) is taken from lattice QCD. Thus any deviation can be interpreted cleanly in terms of Wilson coefficients. |
| **Experimentally clean** | Two high‑\(p_T\) muons with a displaced vertex; backgrounds are under good control at LHCb, CMS and ATLAS. The current combined measurement of \(\mathcal{B}(B_{s}^{0}\!\to\mu^{+}\mu^{-})\) is \((3.0\pm0.4)\times10^{-9}\), in excellent agreement with the SM value \(3.66\times10^{-9}\). The less abundant \(B^{0}\!\to\mu^{+}\mu^{-}\) is measured at the few‑\(10^{-10}\) level. |

Because the SM rate is so tiny and so well predicted, **precise branching‑fraction measurements turn into precise constraints on the short‑distance Wilson coefficients** that appear in the low‑energy effective Hamiltonian for \(b\to s\ell^{+}\ell^{-}\) transitions:

\[
\mathcal{H}_{\rm eff}= -\frac{4G_F}{\sqrt2}V_{tb}V_{ts}^\ast\,
\sum_i C_i(\mu)\,O_i(\mu) + {\rm h.c.}
\]

The operators that matter for \(\,B_{s}^{0}\!\to\mu^{+}\mu^{-}\) are

* **\(O_{10}= (\bar{s}\gamma_{\mu}P_{L}b)(\bar{\mu}\gamma^\mu\gamma_5\mu)\)** – axial‑vector, SM‑dominant.
* **\(O_{S}= m_b(\bar{s} P_{R}b)(\bar{\mu}\mu)\)** – scalar.
* **\(O_{P}= m_b(\bar{s} P_{R}b)(\bar{\mu}\gamma_5\mu)\)** – pseudoscalar.
* Their chirality‑flipped counterparts \(O'_{10},O'_{S},O'_{P}\).

The branching fraction (ignoring tiny phase‑space corrections) can be written as  

\[
\boxed{%
\mathcal{B}(B_s\!\to\mu^{+}\mu^{-}) =
\frac{G_F^{2}\alpha^{2}}{16\pi^{3}}\,f_{B_s}^{2}M_{B_s}\tau_{B_s}\,|V_{tb}V_{ts}^{\ast}|^{2}
\sqrt{1-4\frac{m_{\mu}^{2}}{M_{B_s}^{2}}}\,
\Bigl|
C_{10}^{\rm SM}+C_{10}^{\rm NP}
- \frac{M_{B_s}^{2}}{2m_{\mu}}(C_{P}^{\rm NP} - C_{P}^{\prime\,\rm NP})
\Bigr|^{2}
\!+\! \frac{M_{B_s}^{4}}{4m_{\mu}^{2}}\,|C_{S}^{\rm NP} - C_{S}^{\prime\,\rm NP}|^{2}
}
\]

*The SM contribution lives almost entirely in \(C_{10}^{\rm SM}\approx -4.1\); the scalar and pseudoscalar coefficients are essentially zero.*

Consequently, **any NP that generates (or modifies) \(C_{S,P}\) or \(C_{10}\) is directly bounded** by the measured rate.

---

### 2. How a measured branching ratio translates into limits on NP parameters

1. **Pick a NP model → write down the additional contributions to the Wilson coefficients.**  
   For example, a heavy \(Z'\) coupling to left‑handed quarks and leptons gives  

   \[
   C_{10}^{Z'}= \frac{\pi}{\sqrt{2} G_F \alpha\, V_{tb}V_{ts}^\ast}
               \frac{g_{bL}^{Z'} g_{\mu L}^{Z'}}{M_{Z'}^{2}} ,
   \qquad
   C_{10}^{\prime}= \frac{\pi}{\sqrt{2} G_F \alpha\, V_{tb}V_{ts}^\ast}
               \frac{g_{bR}^{Z'} g_{\mu R}^{Z'}}{M_{Z'}^{2}} .
   \]

2. **Insert these into the branching‑fraction formula** and require the prediction to lie within the experimental \(\pm 2\sigma\) band.  

3. **Solve for the combination of couplings and masses.**  
   Because the SM already saturates the measured value, the NP piece must satisfy  

   \[
   |C_{10}^{\rm NP}| \lesssim 0.2,\qquad
   |C_{S,P}^{\rm NP}|\lesssim 0.03\;(\text{for }M_{\rm NP}=1~\text{TeV}),
   \]

   i.e. at the **10 %‑level** for axial‑vector couplings and **sub‑percent** for scalar/pseudoscalar couplings.

4. **Convert to the model’s fundamental parameters** (e.g. Yukawa couplings, mixing angles, mass splittings). The result is a **lower bound on the NP mass** for a given coupling strength, or an **upper bound on the coupling** for a given mass.

---

### 3. New‑physics scenarios that feel the squeeze the most

| Class of models | Which Wilson coefficient(s) they affect | Why the \(\,B_{s,d}\!\to\mu^{+}\mu^{-}\) data are powerful | Typical bound from the latest combination (2024‑2025) |
|-----------------|------------------------------------------|------------------------------------------------------------|------------------------------------------------------|
| **Supersymmetry with large \(\tan\beta\)** (MSSM, NMSSM) | Scalar & pseudoscalar: \(C_{S,P}\) via Higgs‑mediated penguins (neutral Higgs \(H^0, A^0\)) | The Higgs couplings to down‑type quarks grow as \(\tan\beta\) → amplitude \(\propto (\tan\beta)^3/M_{A}^2\). | \(\tan\beta / M_{A} \lesssim 0.02~\text{GeV}^{-1}\) → for \(\tan\beta=50\) one needs \(M_{A}\gtrsim 1.2~\text{TeV}\). |
| **Heavy \(Z'\) or lepto‑quark bosons** with flavour‑changing couplings to \(b\) and \(s\) | \(C_{10}, C_{10}'\) (axial‑vector) and sometimes scalar via mixing | Tree‑level FCNC contributes directly to the axial‑vector operator; the measurement forces the product of couplings / \(M_{Z'}^2\) to be tiny. | For a generic left‑handed \(Z'\) with coupling \(g\sim 0.3\): \(M_{Z'}\gtrsim 5\!-\!7~\text{TeV}\). |
| **Two‑Higgs‑Doublet Models (2HDM) of type II, X, Y** | Both scalar/pseudoscalar (via neutral Higgs) and axial‑vector (via charged‑Higgs box) | The neutral‑Higgs contribution behaves like the MSSM case; charged‑Higgs effects are smaller but still constrained. | Charged‑Higgs mass \(M_{H^{\pm}}\gtrsim 600~\text{GeV}\) for \(\tan\beta\gtrsim 30\). |
| **Scalar leptoquarks** (e.g. \(S_{1},\,S_{3},\,R_{2}\)) | Generate \(C_{S,P}\) at tree level when coupled to \(\mu\) and \(b,s\) | Because they produce scalar operators without helicity suppression, bounds are about an order of magnitude stronger than those from \(b\to s\ell\ell\) angular observables. | For a unit Yukawa coupling: \(M_{\rm LQ}\gtrsim 15~\text{TeV}\). |
| **Composite or warped‑extra‑dimension models** (e.g. RS‑GIM, partial compositeness) | Often generate both \(C_{10}\) and \(C_{10}'\) via Z‑partner exchange | Flavor‑anarchic couplings are severely limited: typical KK‑gluon or Z′ masses must be > 10 TeV unless a protection mechanism (e.g. custodial symmetry) is invoked. | \(M_{\rm KK}\gtrsim 8\!-\!10~\text{TeV}\). |
| **Dark‑sector portals** (light dark photon or axion‑like particle mixing with the SM Z) | Can induce tiny shifts in \(C_{10}\) or generate effective scalar interactions via loops | The precision of the branching ratio forces the mixing angle \(\epsilon\) to be < 10⁻³ for masses below a few GeV. | \(\epsilon\lesssim 5\times10^{-4}\) (for \(m_{A'}\sim 1~\text{GeV}\)). |

**Bottom line:** *Models that introduce new (pseudo)scalar exchanges are the most tightly constrained* because they lift the helicity suppression that makes the SM rate so small. Axial‑vector (Z′‑type) scenarios are also heavily restricted, though a modest amount of NP is still allowed (a few % shift in \(C_{10}\)).

---

### 4. Complementarity with other flavour observables

| Observable | Sensitivity | How it complements \(B_{s,d}\!\to\mu^{+}\mu^{-}\) |
|------------|-------------|---------------------------------------------------|
| **\(B\to K^{(*)}\mu^{+}\mu^{-}\) angular distributions (e.g. \(P_5'\))** | Mostly \(C_{9},C_{10}\) (vector/axial) | \(\mathcal{B}(B_s\!\to\mu^{+}\mu^{-})\) pins down the *scalar* sector; together they over‑constrain the full set \((C_9,C_{10},C_S,C_P)\). |
| **\(R_{K^{(*)}} = \mathcal{B}(B\to K^{(*)}\mu^{+}\mu^{-})/\mathcal{B}(B\to K^{(*)}e^{+}e^{-})\)** | Lepton‑flavour universality (LFU) violation in \(C_{9,10}\) | If LFU violation is seen, the muon‑specific branching fraction tells us whether the effect is vector‑like (no impact on \(B_s\!\to\mu^{+}\mu^{-}\)) or scalar‑like (large impact). |
| **\(B\to X_s\gamma\)** | Magnetic dipole \(C_{7}\) | Independent loop‑level probe; a consistent NP explanation of all three channels is highly non‑trivial, cutting down model space dramatically. |
| **\(B_{s}\)–\(\bar B_{s}\) mixing (\(\Delta M_s\), \(\phi_s\))** | Four‑fermion \((\bar b\gamma_\mu P_{L,R}s)^2\) operators | In many models the same heavy mediator that contributes to \(\mu^{+}\mu^{-}\) also generates \(\Delta F=2\) operators; combined limits can push the NP scale to > 10 TeV. |

Thus **global fits** (e.g. the “flavour EFT” analyses performed by the UTFit, EOS and Flavio groups) use the measured \(\mathcal{B}(B_{s,d}\!\to\mu^{+}\mu^{-})\) as a “hard wall” that trims away large regions of the Wilson‑coefficient space. When the fit prefers a non‑zero shift in \(C_{9}\) (as hinted by the \(P_5'\) anomaly) but keeps \(C_{S,P}\) consistent with zero, many scalar‑type models are automatically excluded.

---

### 5. Future prospects – why even tighter measurements matter

| Projection (2027‑2035) | Expected experimental precision | Impact on NP reach |
|------------------------|----------------------------------|----------------------|
| **LHCb Upgrade II** (≈ 300 fb\(^{-1}\)) | \(\delta\mathcal{B}(B_{s}\!\to\mu^{+}\mu^{-}) \sim 3\%\) | Sensitivity to \(|C_{S,P}|\) at the \(10^{-3}\) level → push scalar‑mediated Higgs masses above 3–4 TeV for \(\tan\beta\sim50\). |
| **CMS Phase‑2** (high‑luminosity) | Similar or slightly worse systematic errors | Provides independent cross‑check and improved handling of production‑fraction uncertainties. |
| **Belle II** (full 50 ab\(^{-1}\)) | \(\sim\)10 % on \(B^{0}\!\to\mu^{+}\mu^{-}\) (first observation) | Direct measurement of the ratio \(\mathcal{B}(B^{0})/\mathcal{B}(B_{s})\) → probes possible flavour‑non‑universal scalar couplings. |
| **Combined global fit** | Errors on \(C_{10},C_{S,P}\) shrink by factor ≈ 2 | Ability to discriminate between left‑handed vs right‑handed NP, or between tree‑level \(Z'\) and loop‑level SUSY contributions. |

If the central values stay exactly at the SM prediction, **NP scales above 10–20 TeV for tree‑level FCNC and above ~5 TeV for loop‑level scalar exchanges** will become unavoidable (assuming \(\mathcal{O}(1)\) couplings). Conversely, any **significant deviation**—even at the 5 % level—would instantly point to either a light scalar (mass ≲ 1 TeV with sizable coupling) or a new vector boson with non‑universal lepton couplings.

---

### 6. Take‑away summary

1. **Branching fractions of \(B_{s,d}^{0}\!\to\mu^{+}\mu^{-}\) are theoretically pristine**; their SM values are known to ≲ 5 % and the experimental uncertainties are now at the 10 %‑level, rapidly improving.  
2. **They directly limit the Wilson coefficients \(C_{10},C_{S},C_{P}\) (and primed analogues).** The allowed NP shift is at most a few × 10⁻² for axial‑vector operators and at the 10⁻³ level for scalar/pseudoscalar ones.  
3. **Models most affected:**  
   * Supersymmetric or 2HDM scenarios with large \(\tan\beta\) (scalar Higgs exchange).  
   * Heavy \(Z'\) or lepto‑quark models that generate tree‑level FCNC.  
   * Any framework that introduces new (pseudo)scalar mediators coupling to muons (e.g. scalar leptoquarks, light axion‑like particles).  
4. **Complementary flavour observables** (angular analyses, lepton‑universality ratios, radiative decays, mixing) together with \(B_{s,d}\!\to\mu^{+}\mu^{-}\) provide a *multi‑dimensional* constraint that eliminates large swaths of parameter space across many NP ideas.  
5. **Future high‑luminosity data** will tighten the bounds to the few‑percent level, pushing viable NP scales into the multi‑TeV domain or, alternatively, delivering the first unmistakable sign of physics beyond the Standard Model.

In short, **precise measurements of these ultra‑rare muonic B‑decays act as a high‑resolution microscope on any new interaction that can change the short‑distance coefficients governing \(b\to s\ell^{+}\ell^{-}\) transitions, and they are presently the most stringent single‑observable test of scalar‑type new physics and a very powerful probe of any tree‑level flavour‑changing neutral current**.",The current combined measurement of B_s^0 -> mu^+ mu^- is (3.0 ± 0.4) × 10^-9.,VERIFIED_FALSE,"The published combination of ATLAS, CMS and LHCb gives the world combined value of B_s^0→μ^+μ^- as (2.69 +0.37 −0.35) × 10^-9 (Aug 2020), which differs from (3.0 ± 0.4) × 10^-9 asserted in the proposition.",combined measurement Bs to mu mu branching fraction combined result review 2020 2021 2022 2023 HFAG LHCb CMS ATLAS combination,"Combination of the ATLAS, CMS and LHCb results on the B(s)(0)→μ+μ− branching fractions (CERN CDS record 2728059) https://cds.cern.ch/record/2728059 | Inspire entry / combination summary (ATLAS+CMS+LHCb) – listing B_s^0→μ^+μ^- = 2.69^{+0.37}_{-0.35} ×10^{-9} (see INSPIRE/literature/1810425)"
seed12,"How do precise measurements of rare decays such as B_s^0 → μ^+μ^- constrain theories beyond the Standard Model, and which classes of new-physics models are most strongly affected by these measurements?","### 1.  Why the decay \(B_s^0\!\to\mu^+\mu^-\) is such a powerful probe  

| Feature | Standard‑Model (SM) expectation | What makes it a clean probe |
|---------|--------------------------------|------------------------------|
| **Flavor‑changing neutral current (FCNC)** | Forbidden at tree‑level; proceeds only via electroweak penguin + box diagrams | Any new heavy particle that can mediate a FCNC will typically generate a contribution already at **tree‑level** or at **one‑loop** with a much larger coupling. |
| **Helicity suppression** | Amplitude ∝ \(m_\mu/m_{B_s}\) → SM BR ≈ \(3.66\times10^{-9}\) (very small) | New operators that are **scalar** or **pseudoscalar** are not helicity‑suppressed, so even modest Wilson‑coefficient shifts can produce order‑of‑magnitude effects. |
| **Theoretical cleanliness** | Hadronic uncertainty confined to the decay constant \(f_{B_s}\) (≈ 1 % from lattice QCD) | The branching ratio can be written as a product of well‑known CKM factors, short‑distance loop functions, and a single non‑perturbative parameter. This makes the comparison between theory and experiment “precision‑level”. |
| **Experimental status** | Measured by LHCb, CMS and ATLAS: \(\mathcal{B}(B_s^0\!\to\mu^+\mu^-)= (3.0\pm0.4)\times10^{-9}\) (combined 2022‑2024 results) | The result is *consistent with the SM* at the 10 % level, leaving very little room for large BSM contributions. |

Because the SM prediction is tiny and theoretically pristine, the **ratio**  

\[
R_{\mu\mu}\equiv
\frac{\mathcal{B}(B_s^0\!\to\mu^+\mu^-)}{\mathcal{B}(B_s^0\!\to\mu^+\mu^-)_{\!\!{\rm SM}}}
\]

is a direct measure of any new short‑distance physics.  The current global average gives  

\[
R_{\mu\mu}=0.82\pm0.11,
\]

i.e. **within 2 σ** of the SM and with an uncertainty of about **13 %**.  Translating this into bounds on new‑physics (NP) Wilson coefficients is straightforward using the low‑energy effective Hamiltonian (see below).

---

### 2.  Effective‑field‑theory (EFT) description  

The decay is governed by the \(\Delta B = 1\) effective Hamiltonian

\[
\mathcal H_{\rm eff}= -\frac{4G_F}{\sqrt2}\frac{\alpha}{4\pi}\,
V_{tb}V_{ts}^* \sum_i \bigl(C_i\,\mathcal O_i + C_i'\,\mathcal O_i'\bigr) + {\rm h.c.},
\]

with the most relevant operators  

| Operator | SM Wilson coefficient | BSM‑sensitive structure |
|----------|----------------------|--------------------------|
| \(\mathcal O_{10}= (\bar s\gamma_\mu P_{L} b)(\bar\mu\gamma^\mu\gamma_5\mu)\) | \(C_{10}^{\rm SM}\simeq-4.3\) (real) | Modified by Z‑penguins, Z′, loops of new particles (e.g. SUSY charginos). |
| \(\mathcal O_{S}= m_b (\bar s P_{R} b)(\bar\mu\mu)\) | \(C_S^{\rm SM}\approx0\) | Scalar exchange (Higgs‑like, leptoquarks). |
| \(\mathcal O_{P}= m_b (\bar s P_{R} b)(\bar\mu\gamma_5\mu)\) | \(C_P^{\rm SM}\approx0\) | Pseudoscalar exchange (A⁰ of 2HDM, pseudo‑Z′). |
| Primed operators \(\mathcal O_{10}',\mathcal O_{S}',\mathcal O_{P}'\) | Negligible in SM | Right‑handed currents (e.g. right‑handed Z′, RH‑SUSY). |

The branching ratio (neglecting tiny CP‑violating phases) reads

\[
\mathcal B(B_s\!\to\mu^+\mu^-)=
\frac{G_F^2\alpha^2}{16\pi^3}\,|V_{tb}V_{ts}^*|^2
\,f_{B_s}^2 m_{B_s}\tau_{B_s}\sqrt{1-\frac{4m_\mu^2}{m_{B_s}^2}}\,
\Bigl|
C_{10}^{\rm eff}+ \frac{m_{B_s}^2}{2m_\mu}\bigl(C_P-C_P'\bigr)
\Bigr|^2
 +\frac{m_{B_s}^2}{2m_\mu}\bigl(C_S-C_S'\bigr)^2 .
\]

Thus:

* **Vector/axial‑vector NP** (modifying \(C_{10}^{(\prime)}\)) enters **linearly** and interferes with the SM amplitude.  
* **Scalar/pseudoscalar NP** (non‑zero \(C_{S,P}^{(\prime)}\)) is **enhanced by the factor \(\frac{m_{B_s}^2}{2 m_\mu m_b}\sim 25\)**, erasing the SM helicity suppression.

Consequently, the current limit \(R_{\mu\mu}\approx1\) translates into **roughly**  

* \(|C_{10}^{\rm NP}|\lesssim 0.2\;C_{10}^{\rm SM}\) (a ∼ 5 % shift),  
* \(|C_{S,P}^{(\prime)}|\lesssim 0.03\) (i.e. few × 10⁻³).

---

### 3.  Which BSM frameworks feel the pinch?

Below is a **non‑exhaustive map** of popular new‑physics (NP) classes, the *primary operator(s)* they affect, and the *typical bound* that follows from the present measurement.

| Class of models | Mechanism that generates \(B_s\!\to\mu^+\mu^-\) | Dominant Wilson‑coefficient(s) | Approx. 95 % CL bound (present) | Comments |
|-----------------|-----------------------------------------------|-------------------------------|--------------------------------|----------|
| **Supersymmetry (MSSM/NUHM, MFV or non‑MFV)** | (i) Higgs‑penguin diagrams with heavy neutral Higgs \(H^0,\,A^0\) (∝ \(\tan^3\beta\)).<br>(ii) Chargino‑/gluino‑box contributions to \(C_{10}^{(\prime)}\). | \(C_{S,P}\) (scalar) – proportional to \(\tan^3\beta/M_A^2\).<br>\(C_{10}^{\prime}\) (right‑handed) from gluino loops. | \( \tan\beta/M_A \lesssim 0.02\;\text{GeV}^{-1}\) →  for \(\tan\beta=50\) ⇒ \(M_A\gtrsim 2.5\) TeV. <br>Right‑handed box contributions limited to \(|C_{10}^{\prime}|\lesssim0.1\). | **Large‑\(\tan\beta\) regime is severely squeezed**; high‑\(M_A\) or alignment is needed. |
| **Two‑Higgs‑Doublet Models (2HDM‑I, II, X, Y)** | Tree‑level exchange of the CP‑odd scalar \(A^0\) (and, to a lesser extent, the heavy CP‑even \(H^0\)). | \(C_{S,P}\) ∝ \(\frac{y_{b} y_{\mu}}{M_{A}^2}\) (∝ \(\tan\beta\) in type‑II). | Same as MSSM: \(\tan\beta/M_A \lesssim 0.02\) GeV⁻¹. | Types I and X (leptophilic) are **less** constrained because the muon coupling is suppressed; type‑II and Y are **very** constrained. |
| **Z′ models (flavour‑changing neutral gauge boson)** | Tree‑level FCNC \(b\!-\!s\) couplings and/or lepton couplings. | \(C_{10}^{(\prime)}\) (vector/axial) – proportional to \(\frac{g_{bs} g_{\mu}}{M_{Z′}^2}\). | \(|g_{bs} g_{\mu}|/M_{Z′}^2 \lesssim 1.5\times10^{-5}\,\text{TeV}^{-2}\). For \(g_{bs}=g_{\mu}=0.3\): \(M_{Z′}\gtrsim 4\) TeV. | Very **sensitive** to **left‑handed** vs **right‑handed** couplings: axial couplings interfere with SM; pure vector couplings are less constrained. |
| **Leptoquarks (LQ)** | Tree‑level exchange of scalar or vector leptoquarks that couple to \(\bar s b\) and \(\bar\mu\mu\). | Depending on LQ spin and quantum numbers, they generate **scalar** ( \(C_{S,P}\) ) or **vector** ( \(C_{10}^{(\prime)}\) ) operators. | For a scalar LQ with coupling \(\lambda_{b\mu}\lambda_{s\mu}^*\), | \(|\lambda_{b\mu}\lambda_{s\mu}^*|/M_{\rm LQ}^2 \lesssim 3\times10^{-6}\,\text{TeV}^{-2}\). | The same combinations also affect \(b\to s\ell\ell\) anomalies; the \(B_s\!\to\mu\mu\) bound forces **chirality‑aligned** couplings (e.g. only left‑handed). |
| **Models with extra Higgs doublets + flavour‑changing Yukawas (e.g. “flavoured 2HDM”)** | Off‑diagonal Yukawas produce tree‑level scalar exchange. | \(C_{S,P}\) (dominant) | Same order as generic scalar bound: \(|\tilde Y_{bs}\tilde Y_{\mu\mu}|/M_H^2\lesssim 10^{-6}\) TeV⁻². | Strongly limits the size of flavour‑off‑diagonal Yukawas in the down sector. |
| **Partial compositeness / Composite Higgs** | Heavy vector resonances \( \rho,\, G^\* \) with flavour‑changing couplings; also pseudo‑Goldstone Higgs FCNCs. | Mostly \(C_{10}^{(\prime)}\); sometimes \(C_{S,P}\) if composite scalars mix with Higgs. | \(|g_{*}\, \epsilon_{b}\epsilon_{s}\, g_{\mu}|/M_{\rho}^2 \lesssim 2\times10^{-5}\,\text{TeV}^{-2}\). | Forces **small mixing parameters** \(\epsilon_{b,s}\) or heavy resonance masses > 3–4 TeV. |
| **Supersymmetric models with R‑parity violation (RPV)** | Tree‑level squark exchange ( \(\tilde d\) ) linking \(\bar b s\) to \(\mu\mu\). | Generates **scalar/pseudoscalar** operators. | \(|\lambda'_{i23}\lambda'_{i32}|/M_{\tilde d}^2 \lesssim 5\times10^{-6}\,\text{TeV}^{-2}\). | Often **more constraining** than other low‑energy bounds on the same coupling products. |
| **Axion‑like particles (ALPs) or light scalars** | If the ALP couples to both quarks and leptons, it can mediate \(B_s\to\mu\mu\) (effectively a *long‑distance* scalar contribution). | Appears as an *effective* \(C_{P}\). | For a light ALP with coupling \(g_{bs} g_{\mu}/m_a^2\), the bound is \(\lesssim10^{-5}\) GeV⁻² for \(m_a\ll m_{B_s}\). | Limits the product of flavour‑changing and lepton couplings for sub‑GeV mediators. |

**Take‑away:**  
- **Scalar/pseudoscalar operators** are *the most vulnerable* because any non‑zero \(C_{S,P}^{(\prime)}\) is amplified by the factor \(\sim 25\). Consequently, models that predict tree‑level Higgs‑ or leptoquark‑mediated scalar exchanges (high‑\(\tan\beta\) 2HDM/MSSM, flavour‑changing Higgs, RPV SUSY, some leptoquarks) are **most strongly constrained**.  
- **Vector/axial‑vector operators** (\(C_{10}^{(\prime)}\)) are also limited but the bound is milder (∼ 5 % shift). Therefore, **Z′** models with typical gauge‑strength couplings must be *heavy* (≥ a few TeV) or have **suppressed flavour‑changing couplings**.  

---

### 4.  How the constraints are used in practice  

1. **Global fits to \(b\to s\ell\ell\) data** (including \(B\to K^{(*)}\ell\ell\), \(R_{K^{(*)}}\), angular observables).  
   * The measurement of \(B_s\!\to\mu^+\mu^-\) is added as a **single likelihood term** on \(C_{10}^{(\prime)}, C_{S,P}^{(\prime)}\).  
   * In many fits the allowed region for a **real negative shift** in \(C_{9}\) (favoured by the \(R_{K^{(*)}}\) anomalies) is still compatible with the \(B_s\) bound, because \(C_{9}\) does not enter this decay at leading order.

2. **Model‑specific scans** (e.g. MSSM parameter scans with *SoftSUSY* or *NMSSMTools*).  
   * The code computes the SUSY contributions to \(C_{S,P}\) (Higgs‑penguin) and \(C_{10}^{\prime}\) (gluino boxes).  
   * Points that give \(\mathcal B(B_s\!\to\mu^+\mu^-)\) outside the 2 σ band are discarded. This typically eliminates low‑\(M_A\) high‑\(\tan\beta\) points unless a “decoupling” alignment condition is enforced.

3. **Effective‑field‑theory reinterpretations** (e.g. *flavio*, *EOS*).  
   * One writes the likelihood as  

\[
\mathcal L(R_{\mu\mu})\propto\exp\!\Bigl[-\frac{(R_{\mu\mu}^{\rm th}(C_i)-0.82)^2}{2\sigma^2}\Bigr],
\]

   * and samples the Wilson‑coefficient space. The resulting posterior shows **tight 2‑D contours** for \((C_S,\,C_P)\) and a broader “banana” for \((C_{10},C_{10}')\).

---

### 5.  Outlook – where will the next generation of measurements take us?  

| Future experiment | Goal for \(\mathcal B(B_s\!\to\mu^+\mu^-)\) | Projected impact |
|-------------------|------------------------------------------|------------------|
| **LHCb Upgrade II (Run 4–5, 300 fb⁻¹)** | Uncertainty ≈ 5 % (ΔBR ≈ 0.2 × 10⁻⁹) | Pushes \(|C_{S,P}|\) bounds down to ≈ 0.01, probing SUSY \(\tan\beta\) ≈ 30 for \(M_A\) ≈ 2 TeV. |
| **CMS Phase‑2** | Similar precision, with independent systematics | Allows a *combined* 3 % measurement → **sub‑5 %** test of SM. |
| **Belle II** (via time‑integrated \(B_s\) data from \(\Upsilon(5S)\)) | 10 % level (statistics‑limited) | Provides complementary environment (different detector systematics). |
| **Future 100 TeV pp collider (FCC‑hh, SppC)** | Potentially ≤ 1 % (∼ 10⁸ \(B_s\) → µµ events) | Would **close the window** on scalar NP up to multi‑TeV masses, effectively testing any NP that contributes at tree level. |

When the **experimental uncertainty reaches the few‑percent level**, the **theoretical uncertainty** (mainly the lattice value of \(f_{B_s}\)) will become dominant. Anticipated **sub‑1 % lattice determinations** (by 2030) will match the experimental precision, turning \(B_s\!\to\mu^+\mu^-\) into a *precision SM test* rather than just a bound‑setter.

---

### 6.  Bottom line  

*The rare decay \(B_s^0\!\to\mu^+\mu^-\) is a **microscope** for any new particle that can talk to a \(b\)-quark and a muon.* Because the SM prediction is tiny and theoretically clean, the current measurement already **excludes**:

| Model class | Typical excluded region |
|-------------|--------------------------|
| **High‑\(\tan\beta\) MSSM / 2HDM‑II** | \(\tan\beta \gtrsim 30\) with \(M_A \lesssim 2.5\) TeV |
| **Tree‑level Z′ with left‑handed \(b\!-\!s\) coupling** | \(M_{Z′}\lesssim 4\) TeV for gauge‑size couplings |
| **Scalar leptoquarks coupling to \(b\) and \(\mu\)** | \(|\lambda_{b\mu}\lambda_{s\mu}|/M_{\rm LQ}^2 \gtrsim 3\times10^{-6}\,\text{TeV}^{-2}\) |
| **RPV SUSY squark exchange** | \(|\lambda'_{i23}\lambda'_{i32}|/M_{\tilde d}^2 \gtrsim 5\times10^{-6}\,\text{TeV}^{-2}\) |

In short, *any BSM scenario that generates sizable scalar/pseudoscalar contributions is the most severely squeezed*, while *models that only affect vector/axial-vector currents survive only if the new gauge bosons or heavy resonances are multi‑TeV in mass or have highly suppressed flavour‑changing couplings*. The forthcoming high‑precision measurements will sharpen these needles, potentially turning the decay into a **SM “standard candle”** for testing the flavour structure of any theory beyond the Standard Model.","The experimental combined measurement by LHCb, CMS and ATLAS is B(B_s^0 → μ^+μ^-) = (3.0 ± 0.4)×10^-9 (combined 2022–2024 results).",VERIFIED_FALSE,"A published combination of ATLAS, CMS and LHCb gives B(B_s^0→μ^+μ^-) = (2.69^{+0.37}_{-0.35})×10^-9, which differs from (3.0±0.4)×10^-9 stated in the proposition.",combined measurement Bs to mu mu LHCb CMS ATLAS 2022 2023 2024 branching fraction,"https://inspirehep.net/literature/1810425 (Combination of the ATLAS, CMS and LHCb results on B_s^0 → μ^+μ^-) | https://indico.fnal.gov/event/59091/contributions/270415/ (J. Boudreau: New results and prospects for b→s μ^+μ^- measurements, Jul 13, 2023)"
seed14,"What are the major technological and engineering challenges to conducting sustained, long-term exploration of Venus, and what approaches or technologies are being considered to address them?","## Overview

Exploring Venus is one of the most demanding planetary‑mission endeavors in the Solar System.  
The planet’s surface is a “hellish” environment—pressures ~92 bar, temperatures ~460 °C, a corrosive CO₂‑rich atmosphere laced with sulfuric‑acid clouds, and a very slow rotation that produces a day‑long solar cycle.  

A **sustained, long‑term** exploration architecture (i.e., missions that remain operational for months to years, whether orbiters, balloons, aerial platforms, surface landers, or a combination) must solve a cluster of inter‑related **technological** and **engineering** challenges:

| # | Challenge | Why it’s hard on Venus | Key performance metrics |
|---|------------|------------------------|--------------------------|
| 1 | **Extreme surface temperature** | 460 °C → most electronics, batteries, lubricants fail | ≤ 300 °C for electronics; ≤ 200 °C for batteries |
| 2 | **High surface pressure** | 92 bar (≈9.2 MPa) crushes conventional enclosures | Structural integrity > 10 MPa, low‑mass pressure vessels |
| 3 | **Corrosive atmosphere** | 96 % CO₂, 3–4 % SO₂, trace H₂SO₄ vapor; acids attack metals & polymers | Material compatibility > 10⁶ h in 100 °C CO₂/SO₂ |
| 4 | **Sulfuric‑acid cloud layer** | Cloud particles are 30–70 µm H₂SO₄ droplets, 70–90 % RH, highly abrasive | Protective coatings & seals resist aerosol erosion |
| 5 | **Limited power density** | Thick atmosphere blocks sunlight; solar cells degrade quickly; radioisotopes heavy | Power > 10 W/kg system mass, > 1 kW for surface operations |
| 6 | **Communication through dense atmosphere** | High attenuation for RF; refractive index gradients cause signal bending | Data rates ≥ 1 Mbps from surface, robust link margin |
| 7 | **Thermal management** | Ambient heat flux > 2 kW m⁻²; internal heat must be dumped | Heat‑rejection system capable of > 2 kW m⁻² |
| 8 | **Landing and mobility** | Supersonic parachutes ineffective; high‑density air makes rovers heavy; unknown terrain | Soft‑landing Δv < 70 m s⁻¹; rover weight < 50 kg |
| 9 | **Mission lifetime** | Most hardware survives only hours at surface → need new “long‑life” designs | Operational life ≥ months (surface) or ≥ years (aerial) |
|10 | **Launch mass and cost constraints** | Venus missions compete for limited launch fairings; heavy shielding inflates mass | Mass < 500 kg for lander, < 2 t for orbiter‑balloon combo |

Below is a concise but comprehensive survey of **approaches and emerging technologies** that NASA, ESA, JAXA, private firms, and academic groups are studying to overcome each of these hurdles. The solutions are grouped by **mission‑type** (orbiter, aerial platforms, surface platform) because the engineering trade‑offs differ markedly.

---

## 1. Extreme Temperature & Pressure: “Hot‑Surface” Architecture

### 1.1 High‑Temperature Electronics
| Technology | Status | How it helps |
|------------|--------|--------------|
| **Silicon‑Carbide (SiC) MOSFETs / BJTs** | TRL 6‑7 (space‑qualified for solar‑panel inverters) | Operate up to 600 °C; low leakage, high efficiency. |
| **Gallium‑Nitride (GaN) and AlGaN/GaN HEMTs** | TRL 4‑5 (laboratory) | Wide band‑gap, tolerant to 400 °C+, high‑frequency RF. |
| **Silicon‑on‑Insulator (SOI) CMOS hardened for 300 °C** | TRL 3‑4 | Enables moderate‑temperature processors (e.g., RAD750‑T). |
| **Wide‑bandgap “high‑T” ASICs** | Early prototype (JPL, NASA‑GSFC) | Custom chips that stay functional at 425 °C, reducing need for thermal isolation. |
| **Optical/photonic data processing** | Conceptual | No electronic carriers; potentially stable up to 500 °C. |

**Approach:** Build a **“hot‑electronics”** payload that stays at ambient surface temperature, avoiding complex thermal isolation. Use SiC power electronics with a modest “cold‑zone” (e.g., a 250 °C insulated compartment) for sensitive memory (NV‑MRAM or ferroelectric RAM) that can survive brief excursions.

### 1.2 High‑Temperature Batteries & Energy Storage
| Technology | Status | Key parameters |
|------------|--------|----------------|
| **Molten‑Salt (Na‑S, Na‑NiCl₂) batteries** | Flight‑qualified on Earth (e.g., grid storage) | Operate 300‑350 °C, high specific energy (~150 Wh kg⁻¹). |
| **Lithium‑based high‑T solid‑state cells (Li‑S, Li‑FePO₄)** | TRL 3‑4 (laboratory) | Target operating temp 200‑250 °C; need encapsulation. |
| **Thermo‑electric (TEG) generators** | Demonstrated on Venus lander “Venera‑13” (≈ 12 W) | Directly converts temperature gradient (≈ 400 K) to power. |
| **Radioisotope Thermoelectric Generators (RTGs) scaled for Venus** | Existing, but mass‑heavy | Provide ~0.5 W kg⁻¹; heat can also be used for thermal management. |

**Approach:** **Hybrid power**: a small RTG provides baseline heat and ~10 W electricity; a high‑T molten‑salt battery stores excess to run peak loads (e.g., drills, communications). The RTG’s waste heat also helps maintain the electronics at a stable 300 °C “warm‑zone”.

### 1.3 Pressure‑Resistant Structures
* **Titanium‑alloy pressure vessels** (Ti‑6Al‑4V) with internal ribs – mass‑efficient, corrosion‑resistant.
* **Carbon‑fiber‑reinforced polymer (CFRP) with high‑temperature resin (polyimide)** – lighter but requires surface coating (e.g., SiC or Al₂O₃) to prevent acid attack.
* **Ceramic liners (Al₂O₃, SiC)** inside metal shells – act as a barrier for SO₂/H₂SO₄.
* **Additive‑manufactured “lattice” pressure vessels** – reduce mass while meeting 10 MPa rating.

NASA’s **Venus SmallSat 2021** concept used a **“pressure‑craft”** approach: a sealed, spherical Ti‑alloy capsule housing all warm‑zone electronics, similar to the Venera landers, but with modern lightweight composites for the outer shell.

---

## 2. Atmospheric Corrosion & Cloud Abrasion

### 2.1 Materials & Coatings
| Material | Why it’s chosen | Maturity |
|----------|----------------|----------|
| **Silicon Carbide (SiC) ceramics** | Highly resistant to acids, maintains strength > 400 °C | Space‑qualified (thermal tiles, LRO) |
| **Alumina (Al₂O₃) and Zirconia (ZrO₂) coatings** | Excellent chemical inertness; can be plasma‑sprayed onto metals | Flight‑tested (Mars rovers) |
| **Tantalum‑based alloys (Ta‑Nb, Ta‑W)** | Outstanding corrosion resistance to SO₂ and H₂SO₄ | Lab TRL 4‑5 |
| **Fluorinated polymer (PTFE, FEP) over‑wraps** | Low surface energy → reduces acid adhesion | Used on Viking‑type probes; good for cables |
| **Self‑healing polymer composites** | Embedded microcapsules release neutralizing agents when damaged | Early research (NASA JPL) |

### 2.2 “Cloud‑compatible” Aerial Platforms
* **Super‑pressure balloons** with **Silanized or SiC‑coated fabrics** to avoid acid penetration.
* **Aerogels (SiO₂‑based) as structural skins** – ultralight, chemically inert, able to withstand 92 bar when internally pressurized.
* **Electro‑static “tethered kite” concepts** – use high‑strength, Teflon‑coated tethers to keep the payload below cloud decks; avoids long exposure.

---

## 3. Power Generation in Thick, Cloudy Atmosphere

| Approach | Principle | Current TRL | Pros / Cons |
|----------|-----------|-------------|-------------|
| **High‑temperature solar cells** (SiC‑based multijunction) | Operate at 300‑400 °C, no cooling needed | TRL 3‑4 | Good specific power; needs robust anti‑acid coating |
| **Radioisotope Power Systems** (RTG, RPS) | Decay heat → electricity via thermocouples | RTG: TRL 9 (flight‑proven) | Mass‑heavy, limited power, but reliable |
| **Atmospheric dynamo (wind‑turbine) generators** | Super‑pressure balloon rotates a turbine in 3–10 m s⁻¹ winds | TRL 1‑2 (concept) | Exploits Venus’s constant high‑speed winds; needs corrosion‑proof blades |
| **Thermo‑electric generators using the vertical temperature gradient** | Hot side (surface) – cold side (upper cloud) → ΔT ≈ 400 K | Demonstrated Venera‑13 (small) | Low efficiency (<5 %); can supplement other sources |
| **Microwave power beaming from orbit** | Surface/aircraft receives focused microwave energy | TRL 2‑3 (NASA MARS‑direct concepts) | Avoids heavy local power; requires precise pointing through clouds |

**Near‑term focus:** Large‑area **SiC solar arrays** protected by a thin, transparent **SiO₂ anti‑acid coating**, combined with a modest **RTG** for baseline power and heat. For *aerial* platforms, a **compact wind turbine** inside a sealed envelope could provide continuous ~100 W.

---

## 4. Communication Through Dense Atmosphere

### 4.1 Radio Frequency Solutions
* **UHF (300–900 MHz) “ground‑penetrating” link** – lower attenuation; used by Venera‑9/10 for surface‑to‑orbiter. Requires high‑gain antennas on both ends.
* **V-band (40‑50 GHz) “rain‑scatter” communications** – short‑range, high bandwidth, but suffers heavy attenuation by H₂SO₄ droplets.
* **Dual‑polarized, low‑frequency (LF, 30‑300 kHz) “magnetotelluric” beacons** – can pass through clouds with minimal loss; low data rates (< 1 kbps).

### 4.2 Optical / Laser Links
* **Infrared laser (1550 nm) through the atmosphere** – Highly directional; atmospheric scattering still high at lower altitudes but manageable above 50 km.
* **Visible‑light communication (VLC) from balloons to orbital “relay” spacecraft** – Leverages clear windows in cloud gaps.

### 4.3 Relay Architecture
* **Orbiting “relay” spacecraft** equipped with a **high‑gain, steerable antenna** that tracks surface sites and aerostats.  
* **Balloon‑borne “relay hub”** at ~55 km (above the dense acid layer) that receives surface data (UHF) and forwards it to the orbiter via **Ka‑band (26‑40 GHz)** laser.

**Key metric:** Achieve **≥ 1 Mbps** downlink from surface for high‑resolution imaging + scientific data; a **2‑hop** system (surface→balloon→orbiter) helps meet this without excessive transmitter power.

---

## 5. Thermal Management

| Method | How it works | Maturity |
|--------|--------------|----------|
| **Passive radiators with high‑emissivity SiC coating** | Dump waste heat to the cold upper atmosphere (≈ 230 K) | TRL 5 (used on Mars rovers) |
| **Phase‑change heat pipes (PCM‑filled with Na/K alloys)** | Store heat during peak load, release later | TRL 3‑4 |
| **Active fluid loops using **high‑temperature, low‑viscosity fluorinated lubricants** (e.g., Fluorinert) | Move heat from electronics to external radiators | TRL 4 |
| **Heat‑shield “thermal mantle”** – a multilayer insulation (MLI) + high‑T ceramic outer skin that also acts as a **corrosion barrier** | Combined protection | TRL 6 (Venera‑13 used a simple version) |
| **Ventilation through a narrow “thermal snorkel”** – a small tube that connects the warm interior to the cooler outside air, allowing convective cooling while maintaining pressure integrity | Conceptual | TRL 2‑3 |

A **hybrid** of passive SiC radiators with **PCM dumps** is the leading concept for surface landers: the PCM (e.g., a eutectic NaK alloy) absorbs excess heat during daytime and releases it at night, keeping electronics within 250‑300 °C.

---

## 6. Landing, Mobility, and Surface Operations

### 6.1 Soft‑Landing Systems
* **Supersonic parachutes** (e.g., NASA’s **“Atmospheric Decelerator”**) – feasible because Venus’s dense atmosphere provides high drag at relatively low Mach numbers (~2–3).  
* **Aerodynamic “retro‑propulsion”** – small **hydrazine or methane/LOX thrusters** fire after parachute release for final deceleration (Δv ≈ 70 m s⁻¹).  
* **Pulsed‑jet “impact‑absorb” airbags** – inflated with **high‑temperature, high‑pressure gas** (e.g., CO₂) stored in metal‑hydride canisters.

### 6.2 Surface Mobility Options
| Mobility type | Suitability | Challenges |
|---------------|------------|------------|
| **Wheeled rovers (heavy‑duty, titanium frame)** | Conventional; leveraging 65 m s⁻¹ wind for dust removal | High rolling resistance in 92 bar CO₂; need high‑T bearings. |
| **Walking “hopping” robots (spring‑loaded legs)** | Low mass; can jump over obstacles; uses atmospheric drag to brake | Requires high‑T actuators; limited control. |
| **Aerial‑ground hybrid (e.g., tethered kite rover)** | Uses wind to lift part of weight, reducing ground load | Complex tether dynamics; corrosion of cables. |
| **Sub‑surface drilling (hot‑fluid jet)** | Access to mineralogy below the corrosive surface layer | Heat management; avoidance of melt‑induced crater collapse. |

The **“Venera‑D”** concept (ESA) proposes a **6‑kg wheeled rover** with **SiC motor drives** and a **laser‑based navigation system**. A more ambitious NASA study (2024) examined a **“MAVEN‑V”** (Micro‑Autonomous Vehicle for Exploration of the Near‑surface) using **high‑T shape‑memory alloy (SMA) actuators** for legged motion.

---

## 7. Mission‑Lifetime Strategies

| Strategy | Implementation | Expected lifetime |
|----------|----------------|-------------------|
| **Hot‑craft electronics** – keep everything at ambient temperature → eliminates complex thermal insulation failures. | Use of SiC, GaN, high‑T ASICs; modest cooling only for memory. | > 6 months (demonstrated on Earth labs). |
| **Modular “plug‑and‑play” subsystems** – each module (power, communications, scientific payload) sealed independently; a failure in one does not doom the whole craft. | Pressure‑sealed bays with quick‑release connectors. | Up to 1 year (by swapping modules in future missions). |
| **Self‑healing coatings** – acid‑damage triggers release of neutralizing agents, preserving structural integrity. | Embedded microcapsules in SiC coating. | Extends corrosion resistance by factor of 10 (lab). |
| **In‑situ resource utilization (ISRU)** – use atmospheric CO₂ to produce **solid carbon** for heat‑shield refill or as a consumable for **Molten‑Salt Batteries**. | “CO₂‑to‑graphite” catalytic reactor (e.g., Boudouard reaction). | Potentially indefinite lifetime if power is supplied. |

---

## 8. Integrated Mission Concepts (What the Community Is Studying)

| Concept | Main Architecture | Targeted Challenges | Current Development Level |
|---------|-------------------|---------------------|---------------------------|
| **NASA VERITAS‑style **“Aerobots”** (2024–2028)** | 2–3 super‑pressure balloons at 55 km linked to a small surface lander (≈ 30 kg) via tether. | Cloud corrosion, power, communications, thermal management. | Phase‑A – bread‑board of SiC‑coated balloon fabric, hybrid RTG/solar power. |
| **ESA **EnVision‑B** (2028)** | Orbiter + 2 “balloon‑linked rovers”. Balloons carry a **solar‑thermal TEG** + **SiC solar arrays**; rovers use **high‑T electronics** and **molten‑salt batteries**. | All‑system integration, long‑duration balloon endurance (≥ 180 days). | Preliminary design review (2025). |
| **JAXA **Venus Explorers (VEx‑A/B)** | A pair of **laser‑propelled, high‑altitude gliders** that dip to 30 km for brief surface sampling (≤ 2 h). Uses **high‑temperature Li‑S batteries** and **SiC avionics**. | High‑altitude navigation, thermal endurance during descent. | Proof‑of‑concept wind‑tunnel tests (2023). |
| **Private “Venus One”** (SpaceX/Blue Origin joint) | **Reusable “hot‑craft” lander** of 150 kg that lands, operates for 30 days, then ascends via **solid‑propellant “jump” stage** to a low‑orbit hub. | Re‑entry thermo‑shield, ascent engine operating in hot CO₂. | Conceptual; materials studies ongoing (SiC‑composite heat shield). |
| **NASA **Venus Long‑Duration Lander (VLDL)** (2029)** | **Spherical pressure‑vessel** (120 kg) with **SiC electronics**, **RTG + molten‑salt battery**, **high‑gain UHF antenna**, **SiC radiators**. Designed for **1‑year** surface operation. | Full integration of all hot‑technology, data downlink. | Critical Design Review scheduled 2027. |

---

## 9. Summary of Key Technological Pathways

| Area | Most Promising Near‑Term Tech (2025‑2030) | Longer‑Term (2030‑2040) |
|------|------------------------------------------|--------------------------|
| **Electronics** | SiC power devices + SiC‑based microcontrollers (300‑400 °C). | Fully integrated wide‑bandgap ASICs, possibly photonic processors. |
| **Power** | Small RTG + SiC solar arrays + high‑T molten‑salt battery. | Large‑scale **wind‑turbine‑balloons**, **microwave beaming** from orbit, **in‑situ CO₂ electro‑reduction** for fuel. |
| **Materials** | SiC/Al₂O₃ coatings, Ti‑alloy pressure vessels, fluoropolymer cable sheaths. | Self‑healing ceramic‑polymer composites, nanostructured corrosion‑resistant alloys. |
| **Thermal** | SiC radiators + NaK PCM; passive MLI. | Active cryogenic loops that transport heat to high‑altitude radiators; variable‑emissivity “smart” surfaces. |
| **Communications** | Dual‑hop UHF‑to‑Ka‑band relay (surface–balloon–orbiter). | Optical inter‑satellite links combined with AI‑driven adaptive beamforming to cope with atmospheric turbulence. |
| **Mobility** | Small wheeled rovers with SiC motors; super‑pressure balloon descent. | Legged “hopper” robots powered by high‑T SMAs; autonomous “drill‑through” platforms that exploit Venus’s low‑gravity for low‑energy excavation. |
| **Mission Architecture** | **Orbiter–balloon–lander** triad (modular, scalable). | **Reusable hot‑craft fleet** capable of multiple landing‑ascend cycles, powered by in‑situ resources. |

---

## 10. What Needs to Happen Next?

1. **Demonstration‑level prototypes** of **SiC electronics** and **high‑temperature batteries** in a Venus‑simulated environment (≥ 460 °C, 92 bar CO₂/SO₂). NASA’s **HTE‑Venus** (High‑T Enviro) testbed is slated for 2026.
2. **Full‑scale balloon fabric tests** under **acid‑aerosol wind tunnels** (ESA’s “Aquila” facility) to validate long‑duration envelope integrity.
3. **End‑to‑end communications link‑budget study** that includes realistic cloud particle scattering models and adaptive coding schemes.
4. **System‑level thermal‑management tests** of **SiC radiators + PCM** on large ground testbeds, confirming > 2 kW m⁻² dissipation.
5. **Integrated lander prototype** (≈ 100 kg) that flies a short‑duration mission to the surface on a sounding rocket (e.g., a **Venus Sub‑Orbital Test** planned by JAXA for 2027) to validate pressure‑craft sealing, power, and data link.

---

### Bottom Line

* **Sustained, long‑term exploration of Venus is feasible**, but it demands a paradigm shift away from the “cold‑electronics‑inside‑insulation” approach used on Mars and the Moon.  
* The **core enabler** is a **family of high‑temperature, corrosion‑resistant technologies** (wide‑bandgap semiconductors, SiC structures, high‑T batteries, and protective ceramic coatings).  
* **Hybrid power systems** (RTG + high‑T solar + wind or TEG) and **dual‑hop communication relays** provide the necessary energy and data bandwidth without heavy, high‑gain surface antennas.  
* **Modular, pressure‑sealed architectures** allow individual subsystems to be swapped or upgraded, extending mission life from hours to months or years.  

With continued investment in the technology‑demonstration programs outlined above, a **30‑year‑long roadmap** (2025 → 2055) can evolve from a single short‑duration lander to a **persistent Venusian network** of orbiters, high‑altitude balloons, and hardy surface stations that unlock the planet’s geologic, atmospheric, and possibly even pre‑biotic secrets.",Venus's atmosphere composition includes about 96% CO2 and 3–4% SO2.,VERIFIED_FALSE,"Authoritative measurements show Venus's atmosphere is ~96% CO2 but the ~3–4% component is nitrogen (N2); sulfur dioxide (SO2) is present only in trace amounts (measured in parts per million), not at 3–4%.",Venus atmosphere composition 96 percent carbon dioxide 3 4 percent sulfur dioxide NASA article review paper,"NASA Solar System Exploration — Venus overview: https://solarsystem.nasa.gov/planets/venus/overview/ | NTRS/NASA citation (Oyama et al. 1979) — 'The third of these samples showed carbon dioxide (96.4 percent), and sulfur dioxide (186 ppm).' https://ntrs.nasa.gov/citations/19790040162 | Space.com — 'Venus' atmosphere: Composition, clouds and weather' (summarizes CO2 ~96%, N2 ~3%) https://www.space.com/18527-venus-atmosphere.html"
seed16,"How can environmental and satellite-derived data be used to build operational early-warning systems for cholera and other waterborne diseases, and what are the main limitations and challenges in implementing such systems in low-resource settings?","## 1.  Why look at the environment for cholera‑type warnings?

| **Disease** | **Key environmental drivers** | **Typical “early‑warning” signal** |
|-------------|------------------------------|-------------------------------------|
| Cholera (Vibrio cholerae) | Sea‑surface temperature (SST), sea‑surface salinity (SSS), chlorophyll‑a (proxy for phytoplankton), river discharge, precipitation, drought/flood cycles, coastal upwelling | Spike in SST + high chlorophyll in coastal waters → bloom of V. cholerae in estuaries; heavy rain → runoff that carries bacteria into drinking‑water sources |
| Typhoid, non‑cholera Vibrio, E. coli, Shigella | Rainfall intensity, flooding, surface‑water temperature, land‑use/cover, irrigation patterns, groundwater level | Prolonged wet season + high flood extent → contamination of wells & latrines |
| Leptospirosis, Hepatitis A | Flood depth, duration of standing water, temperature, rodent habitat suitability | Flood + warm temps → massive rodent‑borne shedding into water |
| Dengue/Zika (vector‑borne but water‑related) | Urban water‑storage practices, precipitation, temperature, humidity | Rain → new breeding sites → surge in vector population |

*Take‑away*: Many water‑borne pathogens respond predictably to **hydrometeorological** and **oceanographic** conditions that can be monitored from space. When a clear, repeatable relationship exists, satellite data become a low‑cost “sensor” that can be turned into an operational warning product.

---

## 2.  Data streams that can be turned into warnings

| **Domain** | **Typical satellite sensors** | **Spatial/temporal resolution** | **What it tells you** |
|------------|------------------------------|--------------------------------|-----------------------|
| **Sea‑surface temperature (SST)** | MODIS (Aqua/Terra), AVHRR, VIIRS, Sentinel‑3 SLSTR | 1 km – 4 km; daily to 8‑day composites | Warm water promotes Vibrio growth; threshold ≈ 30 °C for many strains |
| **Sea‑surface salinity (SSS)** | SMAP (L‑band), Aquarius, Sentinel‑6 | 35 km (SMAP) to 0.25° (Aquarius) | Low salinity (< 25 psu) + high temperature = “optimal niche” |
| **Chlorophyll‑a / phytoplankton** | MODIS, VIIRS, Sentinel‑3 OLCI | 300 m – 1 km; daily | High chlorophyll > 10 mg m⁻³ often coincides with Vibrio attached to plankton |
| **Precipitation** | GPM (IMERG), TRMM, Sentinel‑1 SAR (indirect), gauge‑adjusted products | 0.1° (~10 km); half‑hourly to daily | Rainfall excess → runoff, diluting or concentrating pathogens; also flood mapping |
| **Soil moisture & flood extent** | Sentinel‑1 SAR, Sentinel‑2 optical, Sentinel‑3 SRAL, SMAP, Landsat | 10 m – 30 m (optical); 5‑30 m (SAR); 3‑daily | Detect surface water, inundated croplands, urban flooding |
| **Water quality proxies** (turbidity, dissolved organic matter) | Sentinel‑2 MSI, Landsat‑8 OLI | 10 m – 30 m; 5‑day revisit | Turbid water can shelter bacteria from UV and indicate sewage input |
| **Ground‑water and river level** | GRACE (gravity), Sentinel‑3 altimetry, in‑situ gauge networks (if any) | 100 km (GRACE) – 300 m (altimetry) | Rising river stage → higher risk of contamination of drinking water sources |
| **Temperature & humidity (land)** | MODIS LST, Sentinel‑3 SST (coast), ERA5 reanalysis (model‑derived) | 1 km – 30 km; hourly | Warm, humid conditions favor bacterial persistence |
| **Human‑relevant layers** | Night‑time lights (VIIRS), population density (WorldPop), land‑use (Copernicus GLOBCOVER) | 100 m – 1 km | Identify vulnerable settlements, informal settlements lacking piped water |

*Tip*: When building a system, start with the **minimum set of variables that have a proven statistical link** to disease incidence in the study area (often SST, chlorophyll, precipitation).

---

## 3.  From raw satellite products to an **operational early‑warning system (EWS)**  

Below is a step‑by‑step blueprint that can be adapted to cholera or any water‑borne disease.

### 3.1. Data ingestion & preprocessing  

| Step | Action | Tools / Platforms |
|------|--------|-------------------|
| 1️⃣  | **Automated download** of satellite swaths / Level‑2 products (e.g., MODIS Aqua L2 SST, VIIRS chlorophyll). Use NASA’s **Earthdata** APIs, Copernicus **Open Access Hub**, or Google Earth Engine (GEE) for cloud‑based ingestion. | `wget`/`curl`, `pydap`, `earthaccess`, GEE JavaScript/Python, Amazon S3 Public Datasets |
| 2️⃣  | **Reproject & resample** to a common grid (e.g., 0.05° ≈ 5 km) that matches the health‑data administrative unit (district, sub‑district). | `rasterio`, `xarray`, `gdalwarp` |
| 3️⃣  | **Cloud‑mask & quality control** (remove contaminated pixels, sensor artefacts). | MODIS QA flags, Sentinel QA band, `sci‑py` masks |
| 4️⃣  | **Temporal aggregation** (e.g., 7‑day rolling mean for precipitation, 30‑day max SST). | `pandas`, `xarray` rolling functions |
| 5️⃣  | **Derive environmental indices** (e.g., “Vibrio‑Risk Index = SST × Chl‑a × (1‑SSS)”). | Custom Python functions, R `raster` |

### 3.2. Linking environment → disease  

| Approach | Advantages | Typical workflow |
|----------|------------|------------------|
| **Statistical regression** (GLM, GAM, Poisson, negative binomial) | Easy to interpret; works with limited data | 1. Align weekly disease counts with environmental variables. 2. Fit model, test lag structures (0–4 weeks). 3. Use coefficients to compute a “risk score”. |
| **Machine‑learning** (Random Forest, XGBoost, LightGBM) | Captures nonlinear interactions; can ingest many predictors | 1. Build a feature matrix (environmental lags, population density, sanitation coverage). 2. Train on historic outbreaks, validate with out‑of‑sample years. 3. Export model as a **PMML** or **ONNX** file for deployment. |
| **Time‑series / Deep learning** (LSTM, Temporal Convolutional Nets) | Handles temporal autocorrelation; can incorporate multi‑sensor sequences | Requires larger training datasets; more computationally heavy – usually run on a cloud VM. |
| **Mechanistic / Bayesian hierarchical** | Allows incorporation of prior knowledge (e.g., known V. cholerae growth rates). Useful when data are scarce. | Use `Stan`, `JAGS`, or `INLA` to fit a spatio‑temporal model that couples environmental covariates with a process model of pathogen dynamics. |

*Key point*: **Lag selection** is critical. For cholera, many studies find a 1–3 week lag between heavy rain and a rise in cases; for sea‑surface drivers it can be 2–6 weeks.

### 3.3. Threshold & alert logic  

1. **Compute a weekly risk score** (e.g., probability of exceeding a case threshold).  
2. **Define alert levels**:  
   * **Green** – risk < 20 % (normal)  
   * **Yellow** – risk 20‑50 % (heightened surveillance)  
   * **Orange** – risk 50‑80 % (pre‑emptive water‑treatment, community messaging)  
   * **Red** – risk > 80 % (stockpile ORS, mobilise rapid‑response teams)  
3. **Hysteresis** (avoid “chattering”): once a higher level is triggered it stays for a minimum period (e.g., 2 weeks), even if risk dips slightly.  
4. **Update frequency**: at least **weekly** for cholera (matches case reporting cycles), daily for flood‑related warnings if infrastructure allows.

### 3.4. Delivery & decision support  

| Channel | How to implement in low‑resource settings |
|---------|-------------------------------------------|
| **SMS/USSD** | Use a bulk‑SMS gateway (e.g., Twilio, local telecom APIs). Send concise alerts (“Cholera risk high in District X – ensure water chlorination”). |
| **WhatsApp / Telegram groups** | Often used by health officials; can be automated with bots. |
| **Interactive web dashboard** | Host on a lightweight server (e.g., Flask + Leaflet) with map tiles from **OpenStreetMap** and pre‑rendered risk layers (GeoTIFF/MBTiles). Keep bandwidth low; allow offline PDF export. |
| **Radio / community health workers** | Convert risk level into a script for community radio; print “color‑coded” posters for clinics. |
| **Integration with DHIS2** | If the Ministry uses DHIS2, push alerts as “events” or “alerts” that appear on the health information system. |

### 3.5. Validation & continuous improvement  

| Validation step | What to compare |
|-----------------|-----------------|
| **Retrospective** | Run the system on past years (e.g., 2010‑2020) and compute sensitivity, specificity, timeliness (how many weeks before the peak the alert fired). |
| **Prospective pilot** | Run in a limited catch‑area for 6‑12 months; collect feedback from surveillance officers. |
| **Adaptive thresholding** | Adjust alert thresholds based on false‑positive/false‑negative rates observed in pilot. |
| **User‑feedback loop** | Simple web form or SMS poll (“Did you observe cases this week?”) to feed back into the model. |

---

## 4.  Main Limitations & Challenges in Low‑Resource Settings  

| **Category** | **Specific Issue** | **Why it matters** | **Possible mitigation** |
|--------------|-------------------|--------------------|--------------------------|
| **Data availability & latency** | Satellite products often have a **few‑day lag** (e.g., GPM near‑real‑time is ~3 h, but processed composites may be delayed). Cloud cover over tropical regions can corrupt optical data (chlorophyll, turbidity). | Early warning may be issued after the critical window. | • Use SAR (cloud‑free) for flood mapping. <br>• Combine multiple sensors (e.g., use both MODIS and VIIRS). <br>• Keep a **near‑real‑time buffer** (e.g., the last 7 days) and update weekly. |
| **Spatial resolution vs. health data granularity** | Health reports often at district level, while satellite data can be at 250 m–1 km. Aggregating can mask hotspots. | Missed micro‑outbreaks in slums or peri‑urban wells. | • Apply **down‑scaling** using ancillary data (population density, land‑use). <br>• Use **local ground‑truth** (e.g., community water‑quality tests) to calibrate. |
| **Ground truth & model training data** | Reliable, time‑stamped cholera case data are scarce; under‑reporting is common. | Model may be trained on biased outcomes → poor predictive performance. | • Use **syndromic surveillance** (e.g., diarrhea‑related clinic visits) as proxy. <br>• Incorporate **environmental laboratory data** (Vibrio counts) where available. |
| **Technical capacity** | Limited GIS/remote‑sensing expertise, unreliable internet, shortage of computers. | System cannot be maintained, updates stall. | • Deploy **cloud‑based platforms** (Google Earth Engine, AWS Lambda) that require only a web browser. <br>• Conduct **train‑the‑trainer** workshops; create “maintenance manuals” in local language. |
| **Financial sustainability** | Satellite data are free, but **personnel**, **servers**, **SMS fees**, and **training** cost money. | Projects often stop after donor funding ends. | • Embed the EWS into existing **national epidemiology units**; use already‑funded DHIS2 servers. <br>• Negotiate **zero‑cost SMS** bundles with telecoms (public‑health exception). |
| **Governance & data sharing** | Health data may be restricted, and inter‑agency coordination (e.g., Ministry of Health vs. Ministry of Water) can be weak. | Delays in alert dissemination; duplicated effort. | • Draft **MOUs** that define data flows and responsibilities before system launch. |
| **Cultural acceptability** | Communities may distrust “digital” alerts or may not act on generic messages. | No behavior change → no disease reduction. | • Co‑design messages with community leaders; use **local languages**; integrate with **traditional communication channels** (radio, market announcements). |
| **Model transferability** | A model trained in Bangladesh may not work in West Africa because of different hydrology, sanitation, and pathogen strains. | Poor performance in new regions. | • Build **region‑specific calibration** steps; keep the modeling framework modular so that local data can replace global coefficients. |
| **Infrastructure & power** | Frequent electricity outages hinder data download or server operation. | System downtime. | • Use **low‑power single‑board computers** (Raspberry Pi) that can run the pipeline offline and sync when power returns. <br>• Leverage **mobile data** for SMS distribution (does not need continuous internet). |

---

## 5.  A “starter‑kit” for a low‑resource cholera EWS  

| Component | Open‑source / free tool | Approx. cost (USD) | Remarks |
|-----------|------------------------|-------------------|---------|
| **Data ingestion & processing** | **Google Earth Engine (GEE)** – scripts for MODIS SST, VIIRS chlorophyll, GPM precipitation. | Free (requires Google account) | Runs in the cloud; no local storage needed. |
| **Statistical model** | **R** (packages: `mgcv`, `glmnet`, `INLA`) or **Python** (`statsmodels`, `scikit‑learn`). | Free | Store model as an RDS/PKL file. |
| **Alert generation** | **Python Flask API** that reads latest raster, computes risk, writes a CSV. | <$50 (basic VPS) | Can be hosted on a cheap cloud VM (e.g., DigitalOcean $5/mo). |
| **SMS distribution** | **Twilio** or local telecom bulk‑SMS gateway. | $0.01‑$0.005 per SMS | Negotiate free or subsidised rates for public‑health alerts. |
| **Dashboard** | **Leaflet** + **Bootstrap** static site; data served as GeoJSON. | Free | Host on GitHub Pages or a low‑cost VPS. |
| **Training material** | Slides, Jupyter notebooks, video walk‑throughs (English + local language). | Free (in‑house development) | Use an open‑license (CC‑BY). |
| **Maintenance & support** | **Local “data champion”** (one health officer) with 0.5 FTE. | $5,000‑$8,000 per year (salary). | Core to sustainability. |

---

## 6.  Quick‑Start Example (Pseudo‑code)

```python
# 1. Pull weekly GPM precipitation (IMERG) & MODIS SST (Aqua)
import ee, pandas as pd, xarray as xr, numpy as np

ee.Initialize()
# Define AOI (e.g., district polygon)
aoi = ee.Geometry.Polygon([...])

# 7‑day precipitation composite
precip = (ee.ImageCollection('NASA/GPM_L3/IMERG_V06')
          .filterDate('2026-08-01', '2026-08-07')
          .filterBounds(aoi)
          .sum()
          .clip(aoi))

# 7‑day SST max
sst = (ee.ImageCollection('NASA/OCEANDATA/MODIS_Terra_L3_SST_MONTHLY')
       .filterDate('2026-07-25', '2026-08-07')
       .max()
       .clip(aoi))

# Export to Google Drive as GeoTIFF (or to Cloud Storage)
task = ee.batch.Export.image.toDrive(
    image=precip.addBands(sst),
    description='weekly_cholera_inputs',
    folder='cholera_EWS',
    fileNamePrefix='inputs_20260807',
    region=aoi,
    scale=1000,
    maxPixels=1e9)
task.start()
```

```python
# 2. Load raster & compute risk score (simple linear index)
import rasterio, pandas as pd
with rasterio.open('inputs_20260807.tif') as src:
    precip_arr = src.read(1)   # mm
    sst_arr    = src.read(2)   # °C

# Example risk index: (precip/100) * (sst-20)/10
risk = (precip_arr/100.0) * ((sst_arr-20)/10.0)
risk = np.clip(risk, 0, 1)   # 0‑1 probability

# 3. Classify into alert level
def classify(p):
    if p < 0.2: return 'GREEN'
    if p < 0.5: return 'YELLOW'
    if p < 0.8: return 'ORANGE'
    return 'RED'

alert = np.vectorize(classify)(risk)

# 4. Summarise per admin unit (e.g., shapefile of districts)
import geopandas as gpd
districts = gpd.read_file('districts.geojson')
# raster‑vector zonal stats (use rasterstats)
from rasterstats import zonal_stats
stats = zonal_stats(districts, risk,
                    affine=src.transform,
                    stats=['mean'],
                    nodata=src.nodata)

districts['risk_mean'] = [s['mean'] for s in stats]
districts['alert'] = districts['risk_mean'].apply(classify)

# 5. Push SMS alerts (pseudo‑code)
for i, row in districts.iterrows():
    if row['alert'] in ('ORANGE', 'RED'):
        send_sms(row['phone'], f""ALERT {row['alert']}: cholera risk high in {row['NAME']}. ""
                               ""Use boiled water, ORS ready."")
```

*The script above can run on a low‑cost cloud VM (≤ 2 GB RAM) and be scheduled weekly via `cron`.*

---

## 7.  Bottom‑line checklist for decision‑makers  

| ✔️  Item | ✅  Status to achieve |
|----------|----------------------|
| **Data pipeline** – automated, cloud‑based download of SST, chlorophyll, precipitation, flood maps. | ✅  Set up; test with 6 months of historical data. |
| **Validated model** – proven lag, sensitivity > 70 % and specificity > 65 % for past outbreaks. | ✅  Run retrospective validation; adjust thresholds. |
| **Alert matrix** – clear colour‑coded levels, built‑in hysteresis. | ✅  Document and circulate among health officials. |
| **Delivery channels** – SMS gateway + simple web map + radio script. | ✅  Pilot in 2 districts; collect feedback. |
| **Governance** – MoU between Ministry of Health, Water, Meteorology; SOP for response actions. | ✅  Signed; SOP printed and posted at district health offices. |
| **Human capacity** – at least one “EWS officer” trained in GIS, basic Python/R. | ✅  Training completed; mentorship plan in place. |
| **Financing** – budget line in annual health plan for SMS fees, server hosting, staff time. | ✅  Approved for FY 2027. |
| **Monitoring & evaluation** – quarterly review of alerts vs. reported cases; update model annually. | ✅  M&E framework drafted. |

---

### TL;DR

*Satellite and other remote‑sensing data (SST, chlorophyll, precipitation, flood extent, etc.) can be turned into a weekly, probabilistic risk score for cholera and other water‑borne diseases using relatively simple statistical or machine‑learning models. The alerts are then pushed to health workers and communities via SMS, radio, or low‑tech dashboards.*  

**The biggest hurdles in low‑resource settings are** (1) data latency and cloud‑cover gaps, (2) scarcity of reliable disease case data for model training, (3) limited technical capacity and internet reliability, and (4) sustainability of funding and institutional ownership. By leveraging cloud platforms (Google Earth Engine), free open‑source tools, and community‑driven communication channels, a functional early‑warning system can be launched with modest budgets and then scaled up once its public‑health impact is demonstrated.","Flood depth, duration of standing water, temperature, and rodent habitat suitability are key environmental drivers for leptospirosis and Hepatitis A.",VERIFIED_FALSE,"Evidence shows flood depth/standing water, temperature and rodent reservoirs are well‑established environmental drivers for leptospirosis, but Hepatitis A is primarily a human fecal–oral disease transmitted via contaminated food/water (often after flooding) and does not have rodents as a key reservoir — so 'rodent habitat suitability' is not a key driver for Hepatitis A.",leptospirosis hepatitis A environmental drivers flood depth standing water duration temperature rodent habitat suitability review study | leptospirosis hepatitis A environmental drivers flood standing water temperature rodent habitat suitability review,"Bradley EA et al., Leptospirosis and the Environment: A Review and Future Directions. (2023). PMC article: https://pmc.ncbi.nlm.nih.gov/articles/PMC10538202/ | Mwachui MA et al., Environmental and Behavioural Determinants of Leptospirosis. PLOS Neglected Tropical Diseases (2015): https://journals.plos.org/plosntds/article?id=10.1371/journal.pntd.0003843 | CDC — Hepatitis A: https://www.cdc.gov/hepatitis/hav/index.htm | WHO — Hepatitis A fact sheet: https://www.who.int/news-room/fact-sheets/detail/hepatitis-a"
seed18,"How can a recommender system effectively combine multiple types of social and semantic relationships (different network layers) to generate personalized suggestions, and how are the relative importance or weights of those relationship types determined and adapted over time?","Below is a practical “blue‑print” for building a recommender that **blends many kinds of social and semantic ties** (e.g., friendship, co‑author, follows, group membership, topic similarity, product‑category overlap, etc.) into a single, evolving prediction engine.  
The guide is organized in three sections:

| Section | What you’ll get |
|--------|-----------------|
| **1️⃣ Conceptual model** – how to represent the problem as a *multilayer network* and why it is the right abstraction. |
| **2️⃣ Fusion & inference engine** – concrete algorithms (graph‑based, embedding‑based, hybrid) that combine the layers and produce a ranked list of items for each user. |
| **3️⃣ Weight learning & adaptation** – ways to assign, update, and personalize the importance of each layer, both *offline* (batch) and *online* (continual). |

---

## 1️⃣ CONCEPTUAL MODEL – MULTILAYER (OR “MULTI‑RELATIONAL”) GRAPH

### 1.1 Core entities and edges  

| Entity | Symbol | Examples |
|--------|--------|----------|
| Users |  \(U = \{u_1,\dots,u_{|U|}\}\) | people, accounts, bots |
| Items (products, posts, videos…) | \(I = \{i_1,\dots,i_{|I|}\}\) | books, songs, movies, questions |
| Attributes / Concepts | \(C = \{c_1,\dots,c_{|C|}\}\) | topics, tags, categories, brands |

### 1.2 Relationship *layers*  

A **layer** = a homogeneous adjacency matrix (or edge list) that encodes one type of relation.  
Typical layers:

| Layer | Nodes involved | Matrix \(A^{(\ell)}\) | Meaning |
|-------|----------------|----------------------|---------|
| **Friendship** | \(U \times U\) | \(A^{(F)}\) | Mutual or directed social ties |
| **Following / Subscribing** | \(U \times U\) | \(A^{(Fo)}\) | Directed “follows” |
| **Co‑authorship / Collaboration** | \(U \times U\) | \(A^{(Co)}\) | Joint work on items |
| **Group / Community membership** | \(U \times G\) | \(A^{(G)}\) | User ↔ community nodes |
| **Tag/Topic similarity** | \(U \times C\) | \(A^{(T)}\) | User‑topic interest (e.g., TF‑IDF) |
| **Item–Item semantic similarity** | \(I \times I\) | \(A^{(S)}\) | Content‑based similarity (embeddings, ontologies) |
| **User–Item interaction** (implicit/explicit) | \(U \times I\) | \(R\) | Ratings, clicks, purchases |
| **Contextual layers** (time, location) | \(U \times I\) or \(U \times C\) | \(A^{(Ctx)}\) | Session‑level signals |

Each matrix can be **weighted** (real‑valued) and **sparse**.  All matrices share the same node sets, which makes it possible to treat the whole system as a **tensor** \(\mathcal{A}\in\mathbb{R}^{|V| \times |V| \times L}\) where \(L\) is the number of layers and \(|V| = |U|+|I|+|C|+\dots\).

### 1.3 Why a multilayer representation helps  

1. **Preserves heterogeneity** – you never have to force “friendship” into the same numeric scale as “topic similarity”.  
2. **Enables layer‑specific regularisation** – you can smooth only along a friendship graph, but not along a purely semantic graph.  
3. **Facilitates interpretability** – each layer’s contribution can be inspected, audited, and even edited by domain experts.  
4. **Supports dynamic addition/removal** – new social signals (e.g., Discord server joins) are just new slices of the tensor.

---

## 2️⃣ FUSION & INFERENCE ENGINE

Below are three families of methods that have proven to work in production‑grade recommenders.  You can pick one, combine two, or stack them in a cascade.

### 2.1 Graph‑Based Diffusion / Random Walks  

**2.1.1 Multi‑Relational Personalized PageRank (MR‑PPR)**  

For a target user \(u\), compute a **personalized PageRank** vector over the *union* graph, but with **layer‑specific restart probabilities** \(\alpha_\ell\).  

\[
\mathbf{p}^{(t+1)} = (1-\alpha) \sum_{\ell=1}^{L} w_\ell \,\mathbf{D}^{(\ell)^{-1}} A^{(\ell)} \mathbf{p}^{(t)} + \alpha \mathbf{e}_u
\]

* \(w_\ell\) – *layer weight* (more on learning them later).  
* \(\mathbf{D}^{(\ell)}\) – degree matrix for layer \(\ell\).  
* \(\mathbf{e}_u\) – one‑hot vector for the seed user.

Rank items by their final stationary probability.  
**Pros:** easy to implement, naturally handles cold‑start users (just a few social edges).  
**Cons:** quadratic in number of nodes if done naively – use **lazy‑update** or **Monte‑Carlo** approximations (e.g., “personalized push”).

**2.1.2 Heterogeneous Network Embedding (Metapath2vec, HERec, RGCN)**  

1. **Define metapaths** that capture meaningful semantics, e.g.  
   * \(U\rightarrow U\) (friend) → \(U\rightarrow I\) (interaction) → \(I\) → *Item*  
   * \(U\rightarrow C\) (topic) → \(C\rightarrow I\) (item tagged) → *Item*  

2. Run **random walks constrained by those metapaths** and feed the sequences to a Skip‑Gram model → node embeddings \(\mathbf{z}_v\).  

3. For recommendation, compute a score  
   \[
   \hat{r}_{ui} = \mathbf{z}_u^\top \mathbf{M} \mathbf{z}_i
   \]
   where \(\mathbf{M}\) can be a **diagonal matrix of per‑layer scaling** (learned).

**Graph Neural Networks (GNNs) on Heterogeneous Graphs**  

* **RGCN (Relational GCN)** – each layer \(\ell\) has its own transformation matrix \(W^{(\ell)}\).  
* ** HAN (Heterogeneous Attention Network)** – learns **attention coefficients** \(\beta_\ell\) that directly become the layer weights.  

The forward pass (single GNN layer) looks like:

\[
\mathbf{h}_v^{(k+1)} = \sigma\Bigg(\sum_{\ell=1}^{L}\sum_{u\in \mathcal{N}_\ell(v)} \frac{\beta_\ell}{c_{vu}^{(\ell)}}\,W^{(\ell)} \mathbf{h}_u^{(k)}\Bigg)
\]

After \(K\) layers you have a user embedding \(\mathbf{h}_u^{(K)}\) and an item embedding \(\mathbf{h}_i^{(K)}\); dot‑product or MLP scores them.

**When to use which?**  

| Situation | Recommended technique |
|-----------|-----------------------|
| Very sparse interaction matrix, strong social signal | MR‑PPR or label‑propagation |
| Need explainable “why this item” (paths) | Metapath2vec / HAN attention |
| Real‑time low‑latency serving on millions of users | Pre‑computed embeddings + ANN lookup (FAISS, HNSW) |
| Dynamic graph updates (new edges every second) | Incremental random‑walk diffusion or **online RGCN** with mini‑batches |

### 2.2 Factorisation‑Based Fusion  

**2.2.1 Collective Matrix Factorisation (CMF)**  

Factorise each relational matrix simultaneously, sharing latent factors where nodes overlap.

\[
\begin{aligned}
A^{(\ell)} &\approx U^{(\ell)} V^{(\ell)\top} \quad (\ell = 1,\dots, L)\\
U^{(\ell)} &= \begin{cases}
\mathbf{U} & \text{if rows are users}\\
\mathbf{X} & \text{if rows are items}\\
\mathbf{Z} & \text{if rows are concepts}\\
\end{cases}
\end{aligned}
\]

All user‑related matrices share the **same user factor matrix** \(\mathbf{U}\); all item‑related matrices share \(\mathbf{V}\).  The objective:

\[
\min_{\mathbf{U},\mathbf{V},\dots} \sum_{\ell}\; w_\ell \, \|A^{(\ell)} - U^{(\ell)}V^{(\ell)\top}\|_F^2 + \lambda \,\text{regulariser}
\]

The \(w_\ell\) are the **layer importance weights** (learned together with the factors, see §3).

**2.2.2 Tensor Factorisation (PARAFAC / Tucker)**  

Treat the multilayer adjacency as a 3‑way tensor \(\mathcal{A}\).  Decompose:

\[
\mathcal{A} \approx \sum_{r=1}^{R} \lambda_r \; \mathbf{u}_r \circ \mathbf{v}_r \circ \mathbf{w}_r
\]

* \(\mathbf{u}_r\) – user latent vector for component \(r\)  
* \(\mathbf{v}_r\) – item (or concept) latent vector  
* \(\mathbf{w}_r\) – *layer* latent vector that automatically captures relative importance.  

You can fix \(\mathbf{w}\) to be a **one‑hot** vector (hard assignment) or learn a dense vector that reveals cross‑layer interactions.

**When to use?**  
*When you have many sparse relational matrices and you want a single “joint” latent space that can be updated with ALS or SGD.*  

### 2.3 Hybrid – Embedding + Diffusion  

A pragmatic production pattern:

1. **Pre‑compute** multi‑relational embeddings with an RGCN or HAN (offline, nightly).  
2. **At request time**, run a few steps of **personalized diffusion** on the *re‑weighted* union graph, using the embeddings as *node priors* (e.g., start vector \(\mathbf{p}_0 = \text{softmax}(\mathbf{z}_u)\)).  
3. Combine the diffusion scores with a **linear blend** of embedding dot‑products:
   \[
   \text{score}(u,i) = \gamma \, (\mathbf{z}_u^\top\mathbf{z}_i) \; + \; (1-\gamma)\,p_i^{(\text{diffusion})}
   \]

This gives you **high recall** (diffusion reaches far‑away items) and **high precision** (embedding similarity captures fine‑grained semantics).

---

## 3️⃣ DETERMINING & ADAPTING RELATIONSHIP WEIGHTS  

The weights \(w_\ell\) (or \(\beta_\ell\) in attention‑based GNNs) control *how much* each layer influences the final recommendation.  Below are the main strategies, from **static** to **fully adaptive**.

### 3.1 Expert‑driven / Heuristic initialization  

| Heuristic | Formula / Idea | Typical use |
|----------|----------------|-------------|
| **Degree‑normalisation** | \(w_\ell = \frac{1}{\langle d^{(\ell)}\rangle}\) | Down‑weight overly dense layers (e.g., “follow” networks). |
| **Signal‑to‑Noise Ratio** | \(w_\ell = \frac{\mathrm{Var}(A^{(\ell)})}{\mathrm{E}[A^{(\ell)}]}\) | Layers with high variance relative to mean are more informative. |
| **Domain policy** | Fixed constants (e.g., friend = 0.4, tag = 0.3, co‑author = 0.2, item‑item = 0.1) | Quick start for a new product line. |

These give you a **reasonable baseline** but quickly become sub‑optimal as user behaviour drifts.

### 3.2 Offline learning from historical data  

1. **Gradient‑based optimisation** (joint with the recommender loss)  

   For any differentiable model (e.g., CMF, RGCN, HAN), treat the layer weights as **trainable scalar parameters** (or vectors).  
   *Loss* (e.g., Bayesian Personalized Ranking, BPR):  

   \[
   \mathcal{L} = -\sum_{(u,i,j)\in\mathcal{D}} \ln \sigma\big(\hat{r}_{ui} - \hat{r}_{uj}\big) + \lambda \sum_{\ell} w_\ell^2
   \]

   Back‑prop will update each \(w_\ell\) proportionally to its contribution to ranking loss.

2. **Multi‑Task / Multi‑Arm Bandit formulation**  

   Split the training data per layer and treat the *improvement in validation metric* when a layer is active as a **reward**.  Use **Thompson Sampling** or **EXP3** to estimate a *probability distribution* over layers → these probabilities become the weights.

3. **Cross‑validation on per‑layer ablation**  

   Run a quick k‑fold test where you zero‑out each layer one at a time; the resulting drop in NDCG can be normalised to yield a weight vector.

### 3.3 Online / Continual adaptation  

#### 3.3.1 Per‑user adaptive weights  

*Idea*: Not every user values friendship equally; some users rely more on topic similarity.  

Implementation options:

| Technique | How it works |
|-----------|--------------|
| **User‑specific attention vectors** (HAN) | The attention module takes the user embedding as query and produces \(\beta_{\ell}(u)\). |
| **Mixture‑of‑Experts (MoE)** | A gating network \(g_u = \text{softmax}(W_g \mathbf{z}_u)\) outputs a weight over expert models each trained on a single layer. |
| **Meta‑learning (MAML‑style)** | Treat the set of layer weights as the *fast‑adaptable* parameters; a few gradient steps on a fresh mini‑batch from user \(u\) personalize them. |

#### 3.3.2 Temporal decay / reinforcement learning  

* **Exponential decay** – each edge \((a,b)\) in a layer gets a timestamp \(t\) and a decay factor \(\exp(-(t_{\text{now}}-t)/\tau_\ell)\).  The decay constant \(\tau_\ell\) can be learned per layer via gradient descent.
* **RL‑based weight tuning** – define a **policy** \(\pi_\theta(w)\) that selects a weight vector at each interaction step; reward = improvement in click‑through‑rate (CTR) or revenue.  Use policy gradient (REINFORCE) or actor‑critic.  

#### 3.3.3 System‑level monitoring & automated re‑weighting  

| Signal | What it indicates | Action |
|-------|-------------------|--------|
| **Sharp drop in layer‑specific AUC** (measure on a hold‑out of that layer’s edges) | The layer has become noisy (e.g., bots inflating follows) | Apply a penalty to \(w_\ell\) or raise its regularisation term |
| **High variance in per‑user weight distribution** | Users are diverging in preferences | Turn on per‑user adaptation (if not already) |
| **Latency budget breach** on diffusion steps | Too many layers are being traversed | Prune low‑weight layers from the diffusion graph at run‑time |

A **cron job** (or streaming job) can recompute layer‑level statistics every hour and push a new vector \(\mathbf{w}\) to the model serving cache.

### 3.4 Putting it together – a training pipeline

```python
# pseudo‑code outline
for epoch in range(N_EPOCHS):
    for batch in data_loader:
        # 1. fetch all adjacency slices needed for the batch
        A = {ℓ: get_sparse_slice(ℓ, batch.nodes) for ℓ in LAYERS}
        # 2. forward pass (RGCN example)
        h_u, h_i = rgcn(A, user_ids=batch.users, item_ids=batch.items,
                        layer_weights=layer_w)   # layer_w are learnable tensors
        # 3. compute BPR loss
        loss = bpr_loss(h_u, h_i, batch.neg_items)
        # 4. add regulariser on weights (encourage sum=1)
        loss += λ * ((layer_w**2).sum() + (layer_w.sum() - 1.0)**2)
        # 5. back‑prop
        optimizer.zero_grad()
        loss.backward()
        optimizer.step()
```

* After each epoch, **log** the current \(\mathbf{w}\) and evaluate a hold‑out set per layer.  
* Every day, **snapshot** the weights and feed them to the online serving mesh.  

---

## QUICK‑START RECIPE (What to build first)

| Step | Action | Tools / Libraries |
|------|--------|-------------------|
| **1** | Assemble relational tables; compute sparse adjacency matrices. | Spark SQL, GraphFrames, NetworkX (small test). |
| **2** | Build a **baseline MR‑PPR** with uniform weights. | `networkx.pagerank_numpy` on a combined graph, or `graph-tool`. |
| **3** | Add **layer‑wise weights** via a simple grid search (e.g., 0.1‑0.5‑0.9). | Scikit‑learn `GridSearchCV`. |
| **4** | Switch to a **RGCN** (PyTorch Geometric `RGCNConv` or DGL `RelGraphConv`). | PyTorch ≥ 2.0, PyG, DGL. |
| **5** | Enable **attention** (HAN) to let the model learn \(\beta_\ell\). | PyG `HANConv`. |
| **6** | Deploy embeddings to a **FAISS** index for sub‑second ANN retrieval. | FAISS‑GPU, ONNX for inference. |
| **7** | Introduce **online weight adaptation**: reward‑based bandit that nudges \(\beta_\ell\) after each click. | `VowpalWabbit` contextual bandits, or custom TensorFlow‑Agents. |
| **8** | Monitor and auto‑re‑train nightly; add **per‑user gating** if segment‑level performance diverges. | Airflow/Kubernetes, Prometheus + Grafana. |

---

## TL;DR – Take‑away checklist

1. **Model the ecosystem as a multilayer graph** (social, semantic, contextual slices).  
2. **Pick a fusion engine** that matches latency & explainability needs:  
   * MR‑PPR for quick diffusion,  
   * RGCN/HAN for learned attention,  
   * CMF/Tensor factorisation for compact latent space.  
3. **Make the layer weights trainable** – either scalar globals, a vector per user, or a latent “layer embedding”.  
4. **Learn them**:  
   * offline from interaction logs (BPR, cross‑entropy),  
   * online via bandits / reinforcement signals,  
   * periodically re‑normalise and decay stale edges.  
5. **Adapt continuously**: per‑user gating, temporal decay, anomaly detection on layer‑specific metrics.  

With this scaffolding, you can start from a simple uniform‑weight random walk, evolve to an attention‑based heterogeneous GNN, and finally arrive at a system that **personalises the importance of every social and semantic cue for every user, and keeps those importances up‑to‑date as the network evolves**. Happy building!","All matrices share the same node sets, which makes it possible to treat the whole system as a tensor A ∈ R^{|V| × |V| × L} where L is the number of layers and |V| = |U|+|I|+|C|+…",VERIFIED_FALSE,"Multilayer network literature distinguishes cases: in a multiplex representation layers share the same node set, but general multilayer/heterogeneous networks do not, so it is not true that ""all matrices share the same node sets"" (the tensor form is valid under the multiplex/same-node assumption only).",multilayer network adjacency tensor nodes share same node sets users items contexts tensor representation paper,"M. Kivelä et al., ""Multilayer networks"", Journal of Complex Networks, 2014 (https://academic.oup.com/comnet/article/2/3/203/2841130) | M. De Domenico et al., ""Mathematical Formulation of Multilayer Networks"", Phys. Rev. X, 2013 (https://link.aps.org/doi/10.1103/PhysRevX.3.041022)"
seed20,What are the main challenges in adapting a large-scale parallel file system to efficiently support both traditional bursty HPC checkpointing workloads and modern diverse Big Data analytics workloads?,"### TL;DR  
Adapting a **large‑scale parallel file system (PFS)** so that it can handle both **bursty, checkpoint‑oriented HPC I/O** and the **highly heterogeneous, latency‑sensitive, often small‑object‑oriented Big‑Data analytics** workload is not just a matter of “tuning a few knobs.” It forces you to revisit almost every architectural layer of the PFS – from the on‑disk layout up through the metadata service, the networking stack, the cache hierarchy, and the management/monitoring stack – and to introduce new mechanisms for **work‑load awareness, QoS enforcement, and elasticity**. Below is a structured, in‑depth look at the *main* challenges that arise, grouped by the logical subsystem they touch, together with the underlying reasons why each challenge is hard and the trade‑offs you typically have to make.

---

## 1. Workload‑characteristic Mismatch  

| Dimension | HPC Checkpointing (bursty) | Big‑Data Analytics (diverse) | Why It Conflicts |
|-----------|----------------------------|------------------------------|-------------------|
| **I/O pattern** | Large, sequential writes (often > GB per node) that appear in short “spikes” (seconds‑to‑minutes) after a compute phase. | Mix of small random reads/writes (e.g., key‑value look‑ups), moderate‑size streams, and occasional bulk loads. | PFS are tuned for high sustained throughput on large objects; they may thrash when faced with a flood of tiny metadata ops or random reads. |
| **Temporal locality** | Highly correlated across many nodes (all nodes checkpoint at the same time). | Varies widely: some jobs are latency‑critical (streaming analytics), others are batch‑oriented (MapReduce). | Co‑ordinated bursts can overwhelm metadata servers or striping logic; analytics can suffer from head‑of‑line blocking if the system is busy with a checkpoint. |
| **Data lifetime** | Checkpoints are usually short‑lived (hours‑to‑days) and later deleted/archived. | Data may be retained for months/years, often versioned (e.g., Delta Lake, Hudi). | The PFS may be configured for aggressive data‑placement policies (e.g., erase‑on‑delete) that are not optimal for long‑term, versioned storage. |
| **Consistency & durability** | Strong consistency per checkpoint, but tolerates a brief “pause” while the checkpoint is being flushed. | Often requires *near‑real‑time* visibility (e.g., streaming ingest) and may tolerate eventual consistency for analytics. | A PFS that enforces global sync at every write (e.g., strict POSIX) will add latency to streaming jobs; relaxing it may break checkpoint semantics. |

**Bottom line:** The two workload families sit on opposite ends of the I/O spectrum. A one‑size‑fits‑all tuning (e.g., a single stripe size or a single metadata layout) inevitably penalizes one side.

---

## 2. Metadata Scalability & Contention  

1. **Burst of directory/attribute operations**  
   - During a checkpoint, each compute node creates a new file (or a new sub‑directory per job) and often writes a *large* header/metadata block (e.g., HDF5/ADIOS). This can generate **hundreds of thousands of metadata ops in a few seconds**.  
   - In analytics, frameworks like Spark, Flink, or Hive constantly create *tiny* files (CSV, Parquet) or update object metadata (e.g., ACLs, tags).  

2. **Metadata server (MDS) bottleneck**  
   - Classical PFS (Lustre, GPFS/IBM Spectrum Scale, BeeGFS) rely on a *small* set of dedicated MDS nodes. When the rate of *metadata requests* exceeds the capacity of the MDS cluster, you see:  
     - **Increased latency for all workloads** (the MDS becomes the head‑of‑line).  
     - **Lock starvation** for checkpoint writes that need exclusive locks on a directory.  

3. **Namespace scalability**  
   - Analytics pipelines often generate **millions of small files** in a single directory (e.g., Spark “output/part‑00000”). HPC checkpoints usually keep a *flat* namespace (one file per node). Both extremes stress the hashing/distribution algorithm of the MDS.  

4. **Possible mitigations (and their trade‑offs)**  
   - **Sharding the namespace** across many MDS nodes → adds complexity in client routing and may break POSIX semantics unless you adopt a *distributed* metadata model (e.g., CephFS, JDMS).  
   - **Metadata caching** on client side → reduces load but increases risk of stale views, especially problematic for checkpoint recovery (needs latest view).  
   - **Off‑loading “tiny‑file” metadata** to an object store (e.g., via an S3 gateway) → better for analytics but adds an extra data path for checkpoint files.  

---

## 3. Data Layout & Striping Choices  

| Aspect | HPC‑optimized Setting | Big‑Data‑optimized Setting | Conflict |
|--------|----------------------|----------------------------|----------|
| **Stripe size** (bytes per OST) | Large (e.g., 4 MiB–64 MiB) to maximize sequential write throughput. | Small (e.g., 64 KiB–1 MiB) to improve random‑read latency and reduce waste for tiny files. | A *single* stripe size per file system forces you to compromise; per‑file or per‑directory striping policies are hard to manage at scale. |
| **Stripe count** (how many OSTs) | High (e.g., 8‑64) to spread a checkpoint across many servers. | Low (e.g., 1‑4) to avoid excessive network hops for small objects. | Dynamic striping (adjusted on file‑open) requires metadata changes and can confuse applications that assume static striping. |
| **Placement groups / locality** | Often use *round‑robin* across all OSTs for load balance. | May benefit from *data locality* (e.g., keep a partition on the same OST that stores its index). | Maintaining locality while balancing load during a checkpoint burst is a classic “bin‑packing” problem that becomes NP‑hard at petabyte scale. |
| **Erasure coding vs. replication** | Replication for fast recovery; erasure coding rarely used because of extra CPU overhead during write‑heavy checkpoints. | Erasure coding is attractive for cold analytics data to save space. | Switching between modes per‑file demands a *dual‑mode* data path and increases management complexity. |

**Result:** You may need **per‑file or per‑directory policies** (e.g., Lustre’s “ldiskfs layout” or Spectrum Scale’s “policy‑based tiering”) plus a *policy engine* that can *detect* the workload type at `open()` time. Implementing such detection accurately and without causing a performance penalty is a non‑trivial engineering problem.

---

## 4. Quality‑of‑Service (QoS) & Fairness  

1. **Head‑of‑line blocking** – A massive checkpoint can monopolize the network and OSS/OST bandwidth, causing analytic jobs to experience **orders‑of‑magnitude higher latency**.  
2. **Admission control** – Some PFS provide *I/O throttling* (e.g., Lustre’s `llapi_set_iopolicys`), but:
   - It is typically **coarse‑grained** (per‑client or per‑user), not per‑application.  
   - It can *interfere* with checkpoint progress, extending checkpoint time and potentially jeopardizing fault‑tolerance guarantees.  

3. **Priority scheduling** – Ideally you’d have multiple priority classes (e.g., “checkpoint‑critical”, “latency‑sensitive analytics”, “background bulk load”). Implementing this requires:
   - **Scheduler extensions** inside the OSS/OST to arbitrate at the *disk‑I/O* level.  
   - **Back‑pressure mechanisms** to inform the application when it should temper its rate (e.g., via `F_SETLEASE` or a custom RPC).  

4. **Dynamic QoS** – Workloads evolve during a job’s lifetime (e.g., a Spark job has a “shuffle” phase then an “output” phase). The PFS must be able to **re‑negotiate** its QoS policy on‑the‑fly without disrupting ongoing I/O.

**Trade‑off:** Adding QoS layers inevitably introduces **extra metadata traffic** (for tokens, credits, etc.) and **latency** in the fast path, which can hurt the *very* high throughput that HPC checkpoints need.

---

## 5. Network & Transport Layer  

| Issue | HPC Checkpointing | Big‑Data Analytics |
|-------|-------------------|--------------------|
| **Traffic pattern** | Synchronous, many-to-one (all nodes write to a common “checkpoint” directory). | Asynchronous, many‑to‑many (shuffle, RPC, replicating small objects). |
| **Congestion control** | Usually *bulk‑transfer* aware (e.g., RDMA, DC‑Transport). | May rely on TCP or higher‑level back‑pressure; bursty small packets can saturate NIC buffers. |
| **Network fabric usage** | Prefer *lossless* fabrics (InfiniBand, RoCE) with a small number of high‑throughput flows. | Often run over Ethernet with many concurrent connections; requires *fair queuing* to avoid tail latency. |
| **Impact of collective I/O** | HPC frameworks use MPI‑IO / collective buffers to coalesce writes → reduces per‑node overhead but requires *synchronization*. | Analytics frameworks typically avoid collective ops; they stream data as it becomes available. |

**Result:** The same physical fabric may need *different* NIC off‑loads, queue depths, and flow‑control settings for the two workloads. Configuring a single set of parameters (e.g., MTU, RTO) that works well for both is rarely possible.

---

## 6. Caching, Prefetching, and Tiering  

1. **Read‑once vs. read‑many** – Checkpoints are normally *write‑once, read‑once* (for restart). Analytics may repeatedly scan the same data (e.g., iterative machine‑learning loops).  
2. **Cache eviction policies** – LRU works well for analytics but will flush fresh checkpoint data before it is needed for recovery, leading to a *cold‑start* on restart.  
3. **Multi‑tier storage** – Modern PFS can auto‑tier between NVMe SSD, HDD, and even cloud object storage. Determining *which tier* a file belongs to:
   - **HPC checkpoint** → should land directly on fast tier (NVMe) because recovery time is critical.  
   - **Analytics “cold” data** → can be tiered out to cheaper HDD or object store.  

4. **Policy enforcement complexity** – You need a **real‑time classifier** (based on file size, access pattern, job tag) that can adjust tiering *while* a checkpoint is still being written. Mis‑classification can cause:
   - **Checkpoint spill** to slower tier → longer checkpoint time.  
   - **Analytics hot data** mistakenly kept on fast tier → wasted capacity.  

---

## 7. Resilience & Consistency Models  

| Dimension | Checkpointing | Analytics |
|-----------|---------------|-----------|
| **Atomicity** | Usually needs *POSIX atomic rename* semantics to guarantee that a partially‑written checkpoint is never seen by a restart. | Can tolerate *eventual consistency* (e.g., S3‑style read‑after‑write). |
| **Failure handling** | If a node crashes during checkpoint, the entire checkpoint may be invalid; systems often *abort* and redo. | Failures are expected; frameworks are built to recompute missing partitions. |
| **Recovery path** | Must be able to read *large, contiguous* files quickly after a crash. | Usually re‑reads small partitions; latency matters more than bandwidth. |

- **Implication:** A PFS that enforces strong journaling and synchronous metadata updates for every write (to guarantee checkpoint safety) will impose **high latency** on analytics that could have used async writes.

---

## 8. Monitoring, Accounting, and Policy Enforcement  

1. **Per‑job I/O accounting** – HPC centers already collect *per‑job* bandwidth for allocation tracking. Big‑Data tenants (e.g., data‑science groups) often need *per‑user* or *per‑pipeline* metrics.  
2. **Anomaly detection** – A sudden checkpoint burst may be indistinguishable from a misbehaving analytics job unless you have **semantic tags** attached to I/O requests.  
3. **Feedback loop** – To dynamically adjust QoS, you need a *closed‑loop* controller that ingests metrics (latency, queue depth) and pushes back throttle limits. Building a stable controller that does not oscillate under the mixed workload is a research‑level problem.  

---

## 9. Security & Multi‑Tenant Isolation  

- **HPC environments** often assume a *trusted* user base and rely on Unix permissions.  
- **Big‑Data platforms** might run untrusted user code (e.g., Jupyter notebooks) and need fine‑grained ACLs, encryption at rest, and audit logging.  

Adding **encryption**, **per‑object ACL checks**, or **audit trails** increases **CPU and latency overhead** on the OSS/OST and on the client path, which can be detrimental to latency‑critical checkpoints.

---

## 10. Operational & Migration Overheads  

1. **Configuration drift** – Maintaining two separate “profiles” (HPC‑tuned vs. analytics‑tuned) leads to a *configuration explosion*: separate stripe policies, QoS groups, tiering rules, etc.  
2. **Software stack integration** – HPC jobs typically use MPI‑IO or HDF5/ADIOS libraries that speak directly to the PFS. Analytics jobs use higher‑level APIs (Hadoop FS, S3, POSIX via FUSE). Supporting both requires **multiple client libraries** and sometimes **gateway services** that can become single points of failure.  
3. **Testing & validation** – Any change to metadata handling, QoS, or striping must be validated for *both* failure models (checkpoint recovery correctness and analytics data integrity). The test matrix quickly becomes combinatorial.

---

## Putting It All Together – What an “Adapted” PFS Must Provide  

| Capability | Why It’s Needed | Typical Implementation |
|------------|----------------|------------------------|
| **Workload‑aware file creation** (auto‑select stripe size/count, tier) | Avoids manual admin tuning per job. | Policy engine triggered by `open()` flags, job‑scheduler tags, or extended attributes. |
| **Scalable, sharded metadata service** | Handles massive burst of file/attr ops. | Distributed metadata (e.g., CephFS MDS cluster, or a *scaled‑out* Lustre MDS) + client‑side caching with lease renewal. |
| **Multi‑class QoS scheduler** | Guarantees checkpoint latency while protecting analytics tail latency. | Token‑bucket or weighted‑fair queuing *inside* each OSS, plus a central controller that updates per‑client quotas. |
| **Hybrid consistency model** | Strong POSIX for checkpoints, relaxed for analytics. | Separate mount namespaces: mount point A → POSIX‑strict, mount point B → “POSIX‑lite” (e.g., `O_DIRECT` + async metadata). |
| **Adaptive striping / erasure coding** | Saves space for cold analytics data while preserving write speed for checkpoints. | Per‑file layout selector + background reclustering daemon. |
| **Integrated monitoring & policy feedback** | Enables dynamic adaptation; provides accounting for both communities. | Export to Prometheus + custom controller (e.g., a Kubernetes‑style operator) that watches latency/throughput and adjusts QoS. |
| **Secure, tenant‑isolated I/O paths** | Meets diverse compliance requirements. | Per‑tenant encryption keys + OSD‑level ACL checks; optionally expose a S3‑compatible gateway for analytics. |

---

## Key Take‑aways  

1. **No single “magic knob”.** The fundamental mismatch in I/O patterns, latency vs. throughput requirements, and data lifetimes means you need *multiple* orthogonal mechanisms working together.  
2. **Metadata is the real bottleneck.** Even if the underlying storage scales to petabytes, a surge of file‑creation or attribute‑update calls will choke the system. Distributed or sharded metadata is a prerequisite.  
3. **Policy‑driven, dynamic adaptation** (striping, tiering, QoS) is essential but requires a *trusted* classification layer (usually the batch scheduler) and careful engineering to avoid oscillations.  
4. **Isolation vs. sharing trade‑off:** You can physically partition the PFS (e.g., dedicated OST groups for HPC vs. analytics) to guarantee isolation, but you lose the economies of scale. A softer approach—QoS + priority scheduling—keeps the resources shared but is more complex to get right.  
5. **Testing at scale is mandatory.** Simulating the “checkpoint burst + analytics background” workload on a few racks often hides contention that only appears when *hundreds* of nodes participate.  

---

### Final Thought  

If you decide to **retrofit** an existing PFS, start with the *low‑hanging fruit* that give the biggest ROI:

1. **Deploy a sharded metadata service** (or enable existing “MDS‑cluster” mode).  
2. **Introduce per‑directory striping policies** and expose them to the scheduler so that checkpoint directories automatically get large strips, while analytics directories get small strips.  
3. **Add a simple QoS token bucket** that throttles analytics I/O when the checkpoint “burst” flag is set (the flag can be a file in a reserved control directory).  

From there, iterate toward the full **policy engine + multi‑class scheduler** stack. Remember that each added layer creates an additional source of latency; balance the desire for *fairness* against the *hard deadlines* that checkpoints impose. With a systematic approach, you can evolve a traditional HPC‑centric PFS into a truly *converged* storage platform that serves both worlds efficiently.","Classical parallel file systems (Lustre, GPFS/IBM Spectrum Scale, BeeGFS) rely on a small set of dedicated metadata server nodes.",VERIFIED_FALSE,"While Lustre and BeeGFS use dedicated Metadata Server (MDS) roles, IBM Spectrum Scale (GPFS) uses a distributed metadata design and does not require a small set of dedicated metadata server nodes; therefore the universal claim about all three systems is incorrect.",Lustre GPFS BeeGFS metadata server architecture dedicated metadata servers paper documentation  overview,What is Lustre? - (summary) https://www.andrew.cmu.edu/user/icaoberg/post/2026-08-10-what-is-lustre/ | BeeGFS Architecture — BeeGFS Documentation v7.2.1 https://doc.beegfs.io/7.2.1/architecture/overview.html | IBM Spectrum Scale (GPFS) architecture documentation — IBM Knowledge Center (Spectrum Scale) https://www.ibm.com/docs/en/spectrum-scale
seed28,"What structural or chemical features make naturally occurring layered minerals more air-stable than many synthetic two-dimensional magnetic compounds, and how do those features help preserve magnetic properties when the materials are thinned to monolayers?","## 1. Why do many naturally occurring layered minerals survive exposure to air far better than the “designer‑made’’ two‑dimensional (2‑D) magnetic crystals that are being exfoliated in the lab?

| **Feature** | **What it is** | **How it is manifested in natural layered minerals** | **Why it protects the crystal (and its magnetism) in air** |
|-------------|----------------|------------------------------------------------------|-----------------------------------------------------------|
| **Robust intra‑layer chemistry** (strong covalent/ionic bonding, high‐valence cations) | The atoms inside each sheet are tied together by bonds that are several electron‑volts (eV) strong (e.g. O‑M‑O covalent networks, M–O–M super‑exchange pathways, or edge‑sharing octahedra). | • Iron‑oxy‑hydroxide layers in goethite (α‑FeOOH) <br>• Mn‑phyllosilicates (e.g. birnessite) <br>• Transition‑metal oxides such as Fe‑Ti‑oxides (ilmenite, rutile‑type) that form natural van‑der‑Waals‑gap structures (e.g. FePS₃, FeCl₂·H₂O, VSe₂). | The strong bonds make the layer itself chemically inert; oxidation or hydrolysis must break a high‑energy bond, which is kinetically slow at ambient temperature. Because the magnetic exchange pathways (usually super‑exchange via O, S, or Se) are built into these bonds, the magnetic ordering is “locked‑in’’ and does not disappear when the surface is exposed to O₂/H₂O. |
| **Charge‑balanced, stoichiometric layers** | Each layer is electrically neutral (or has a built‑in counter‑ion layer) so that exposing a fresh surface does **not** generate unsatisfied charges. | • Layered double hydroxides (LDHs) – e.g. [M²⁺₁₋ₓM³⁺ₓ(OH)₂]ⁿ⁺·(Aⁿ⁻)ₓ·mH₂O, where the interlayer anion balances the charge. <br>• Naturally occurring transition‑metal dichalcogenides (TMDs) such as Fe₁/₃NbS₂, where the metal‑vacancy ordering yields a neutral sheet. | An electrostatically neutral surface does not attract water molecules or oxygen radicals that would otherwise chemisorb and oxidize exposed metal atoms. This self‑passivation eliminates dangling‑bond states that act as nucleation sites for corrosion. |
| **Van‑der‑Waals (vdW) inter‑layer gaps filled with benign species** | In many minerals the sheets are held together only by vdW forces, but the gap is already occupied by water, OH⁻, carbonate, halide, or other “soft’’ anions. | • Phyllosilicates (e.g. talc, mica) have inter‑layer K⁺ or H₂O that can be exchanged without breaking the sheet. <br>• Natural FeCl₂·2H₂O and FeCl₃·6H₂O have hydrated layers that are already “wet”. | The presence of a pre‑existing, weakly bound “sacrificial” layer means that when the crystal is cleaved the newly exposed surface is quickly capped by the same species (adsorbed H₂O, OH⁻, CO₃²⁻, etc.). These species act as an **in‑situ passivation layer** that blocks O₂ and H₂O from attacking the magnetic metal ions. |
| **Absence of dangling bonds / surface reconstruction** | The termination of a natural sheet is usually a complete coordination polyhedron (e.g. an octahedron that ends with an O/OH ligand) rather than an under‑coordinated metal atom. | • In mica the tetrahedral–octahedral–tetrahedral (TOT) sheet ends with a fully coordinated Al/Si‑O layer. <br>• In natural FePS₃ the P–S termination is chemically complete. | When the sheet is peeled, the outermost metal atoms retain their coordination sphere; no high‑energy dangling bond is left to react with ambient gases. Consequently the surface does not undergo rapid oxidation, and the magnetic exchange network remains intact. |
| **Built‑in self‑healing or protective surface chemistry** | Some minerals include easily oxidizable “sacrificial” species that preferentially react with O₂/H₂O, forming a thin, stable oxide or hydroxide that isolates the magnetic core. | • Iron‑oxy‑hydroxide layers develop a thin Fe(III)‑oxide skin that is already part of the bulk composition. <br>• Mn‑phyllosilicates often carry a surface Mn‑oxide layer that slows further oxidation. | The outermost oxide is chemically similar to the bulk, so it does not create a mismatch in lattice or magnetism. It simply acts as a **native passivation coating**, preserving the underlying magnetic order. |
| **Crystal‑field–driven orbital quenching** | In many natural minerals the transition‑metal d‑orbitals are already split by a strong crystal field (octahedral, tetrahedral, trigonal prismatic), leaving a low‑spin (or high‑spin but orbitally‑quenched) configuration that is less reactive. | • Fe³⁺ in oxy‑hydroxide layers (d⁵, high‑spin but with half‑filled t₂g) is chemically inert. <br>• Cr³⁺ in Cr‑based layered oxides (d³) has a completely filled lower‑energy t₂g set. | A quenched orbital moment reduces the tendency of the metal ion to form new bonds with O₂ or H₂O, which would require a change in electron configuration. Thus the magnetic ion remains in the same oxidation and spin state after exposure, preserving its magnetic moment. |

Collectively, these features give **natural layered minerals a built‑in “air‑stable” architecture** that is difficult to replicate with synthetic 2‑D magnets, where researchers often start from:

* **Metastable oxidation states** (e.g., Cr²⁺, V²⁺, Mn²⁺) that are easily oxidized to higher valence states.
* **Unsaturated surface terminations** that leave dangling metal bonds after exfoliation.
* **Charge‑imbalanced sheets** that attract counter‑ions from the environment, prompting ion intercalation and lattice distortion.
* **Absence of protective inter‑layer species**, so the newly created surface is bare and highly reactive.

---

## 2. How do those “natural” design principles help **preserve magnetic order** when a bulk mineral is thinned down to a monolayer?

### 2.1 Retention of the **magnetic exchange pathways**

* **Super‑exchange geometry is preserved.** In a natural layer the magnetic ions are already linked through a network of O, S, Se, or P atoms that sit **within** the plane. When the sheet is isolated, those ligands remain, so the 90°–180° M–X–M angles (the super‑exchange bridges) are unchanged. Synthetic 2‑D magnets often rely on indirect inter‑layer bridges (e.g., through intercalated ligands) that disappear once the material is thinned, destroying the magnetic coupling.
* **Charge neutrality keeps the oxidation state fixed.** Because each sheet is self‑balanced, peeling does not force the metal ion to change its valence to accommodate extra electrons/holes. The magnetic moment (μ ≈ g S μ_B) remains the same.

### 2.2 Suppression of **surface‑induced spin‑disorder**

* **No dangling bonds → no surface spin‑flipping sites.** In a dangling‑bond‑rich synthetic flake, the under‑coordinated metal atoms can host local moments that are weakly coupled to the bulk lattice, acting as spin‑glass impurities that broaden the magnetic transition. Natural sheets, being fully coordinated, avoid this problem.
* **Native surface passivation = chemically inert surface.** The thin oxide/hydroxide layer that forms on natural minerals is magnetically “silent” (often antiferromagnetic or non‑magnetic) but chemically inert, preventing adsorption of paramagnetic radicals (e.g., O₂⁻) that would otherwise introduce random exchange fields.

### 2.3 Stability of **anisotropy** and **magnetocrystalline energy**

* **Crystal‑field environment stays intact.** The same ligand field that splits the d‑levels in the bulk survives in the monolayer, preserving the single‑ion anisotropy (e.g., easy‑axis from strong spin‑orbit coupling on a trigonally distorted octahedron). In many synthetic 2‑D magnets, removal of the third dimension relaxes the distortion, dramatically reducing the anisotropy and causing the system to become paramagnetic at very low temperatures.
* **Inter‑layer stacking‑induced strain is eliminated.** Bulk natural minerals often have weak vdW stacking that does not impose significant strain on each sheet. When the layer is isolated, no residual compressive/tensile forces are exerted, so the intrinsic anisotropy constant *K* remains at its bulk value.

### 2.4 Mitigation of **carrier‑induced magnetic quenching**

* **Insulating nature of most natural sheets.** Many layered minerals are wide‑bandgap oxides or sulfides (Eg > 2 eV). Their surfaces therefore do not accumulate free carriers when exposed to air, avoiding carrier‑mediated RKKY‑type interactions that can either enhance or suppress magnetic order. Synthetic 2‑D magnets (e.g., CrI₃, Fe₃GeTe₂) often become slightly doped by adsorbed water or oxygen, which can introduce itinerant electrons that screen exchange interactions.
* **Self‑passivation preserves the band gap.** The thin hydroxide/oxide overlayer does not introduce mid‑gap states, so the monolayer remains an insulator and the exchange remains of the super‑exchange type rather than double‑exchange or itinerant Stoner type, both of which are more sensitive to disorder.

### 2.5 Practical outcome for the **magnetic ordering temperature (Tₙ/T₍C₎)**

* **Tₙ in monolayers of natural minerals can stay within a factor of 2 of the bulk value**, whereas many synthetic 2‑D magnets suffer a >5‑fold drop. Example:  
  *Bulk FePS₃*: Tₙ ≈ 118 K → *monolayer* (exfoliated from natural specimen) ≈ 85 K (still well above liquid‑nitrogen temperature).  
  *Synthetic CrI₃*: bulk T₍C₎ ≈ 61 K → monolayer ≈ 45 K, with rapid degradation in air that further reduces the effective T₍C₎.
* This stability is directly traceable to the preservation of the **exchange constant J**, the **anisotropy D**, and the **absence of surface spin disorder**, all of which are grounded in the structural/chemical traits outlined above.

---

## 3. Take‑away design rules for **synthetic 2‑D magnets** inspired by natural layered minerals

| Rule (derived from nature) | Practical implementation |
|----------------------------|--------------------------|
| **Neutral, fully coordinated surface** | End the layer with chalcogen or hydroxide ligands; use post‑growth “capping” molecules (e.g., –OH, –F) that complete the metal’s coordination sphere. |
| **Self‑passivating inter‑layer species** | Grow the crystal with intercalated water, alkali ions, or organic anions that can remain (or be removed in a controlled way) to form a protective monolayer after exfoliation. |
| **Strong intra‑layer covalency/ionicity** | Choose metal–ligand pairs that give M–X bond energies > 2 eV (e.g., oxides, sulfides, selenides), rather than more labile halides (I⁻, Br⁻). |
| **Charge‑balanced stoichiometry** | Design the formula so that each sheet is charge‑neutral (e.g., M₁₊ₓTi₁₋ₓO₃, M₂X₂ where M is 2+ and X is 2–). Avoid mixed‑valence layers that require external charge compensation. |
| **Built‑in protective oxide/hydroxide layer** | Intentionally grow a thin (~1 nm) native oxide on top of the layer prior to exfoliation; this oxide should be magnetically inert and lattice‑matched. |
| **Crystal‑field control of anisotropy** | Use trigonal prismatic or distorted octahedral coordination that gives a large orbital contribution to the magnetic moment (e.g., Fe²⁺ in a compressed octahedron). |

By **embedding these principles** into the synthesis of new 2‑D magnets, researchers can approach the air‑stability and magnetic‑robustness that nature has already mastered in minerals such as phyllosilicates, oxy‑hydroxides, and layered double hydroxides.

---

### TL;DR

*Natural layered minerals survive in air because each sheet is a chemically complete, charge‑neutral, strongly bonded polymer that is already capped by benign interlayer species (water, OH⁻, carbonate, etc.). The surface therefore lacks dangling bonds, does not attract aggressive O₂/H₂O, and often carries a thin, self‑passivating oxide that matches the bulk chemistry. Those same features keep the magnetic exchange pathways, spin anisotropy, and oxidation state unchanged when a sheet is thinned to a monolayer, so the magnetic ordering temperature drops only modestly. Synthetic 2‑D magnets usually lack one or more of these safeguards, making them prone to oxidation, surface disorder, and a rapid loss of magnetic order upon thinning.*",Iron‑oxy‑hydroxide layers exist in goethite (α‑FeOOH).,VERIFIED_FALSE,"Goethite (α‑FeO(OH)) is indeed an iron oxyhydroxide mineral, but its crystal structure is built from chains/ribbons of edge‑sharing Fe–O(O H) octahedra rather than stacked, van‑der‑Waals‑type layers; the layered iron oxyhydroxide polymorph is lepidocrocite (γ‑FeO(OH)).",goethite iron oxyhydroxide alpha FeOOH mineral description goethite definition,https://en.wikipedia.org/wiki/Goethite (Goethite: iron oxyhydroxide; structural description) | https://www.webmineral.com/data/Goethite.shtml (Goethite: orthorhombic structure; chains/ribbons of FeO6 octahedra) | https://www.mindat.org/min-1719.html (Goethite mineral data) — compare with lepidocrocite (γ‑FeO(OH)) descriptions
seed32,"What are the main factors that determine the mechanical performance and manufacturability of high-precision photopolymer 3D-printed lattice structures, and how can designers balance resolution, material properties, and printing constraints when optimizing for stiffness, strength, or energy absorption?","## TL;DR  
| **Design goal** | **Key levers** | **How to balance them** |
|-----------------|----------------|--------------------------|
| **Maximum stiffness** | – Small‑scale beam thickness (≥ 2× printer’s voxel size)<br>– High‑modulus resin (e.g., ceramic‑filled, glass‑filled)<br>– Beam orientation that aligns with loading direction | Choose a *moderately* fine lattice (cell size ≈ 4–6 × voxel) and use the stiffest resin the printer can reliably cure. Keep critical beams parallel to the build‑direction to avoid stair‑step weakening. |
| **Maximum strength / load‑bearing** | – Minimal stress concentrations (filleted nodes, rounded joints)<br>– Uniform beam cross‑section (no abrupt size changes)<br>– Adequate cure depth (exposure time, resin transparency) | Use a *graded* lattice (coarser near supports, finer in the core) with smooth fillets. Tune exposure (laser power, layer time) so the whole beam thickness cures fully; otherwise, increase beam size until cure depth ≥ beam height. |
| **Energy‑absorption (crushability)** | – Hierarchical/gradient porosity (large cells → progressive collapse)<br>– Ductile or tough resin (elastomeric, rubber‑filled)<br>– Controlled wall thinning (≈ 1.5–2 × voxel) | Design a *multiscale* lattice where outer layers are stiff (fine cells) and the interior is more open (large cells). Pick a tough resin and allow slight over‑cure to increase inter‑layer bonding, but keep wall thickness above the printer’s minimum resolution. |
| **Manufacturability / print time** | – Minimum feature size (voxel / nozzle)<br>– Part orientation (supports, overhangs)<br>– Total number of voxels (volume‑to‑surface ratio) | Align the lattice so that most beams are **self‑supporting** (≤ 45° overhang). Group similar‐size beams in one “printing slice” to reduce “island” support usage. Use *design for slicing*: keep layer height ≤ 0.5 × voxel and favor a cell size that yields ≤ 10 000 voxels per mm³ (typical commercial limit). |

Below is a **step‑by‑step framework** that designers can follow to juggle resolution, material properties, and printer constraints while targeting stiffness, strength, or energy‑absorption.

---

## 1. Understand the printer’s physical limits  

| Parameter | What it means for lattice geometry | Typical commercial ranges (SLA/DLP/LCD) |
|-----------|--------------------------------------|----------------------------------------|
| **Voxel / pixel size (XY)** | Smallest printable lateral feature.  Beam walls < 2 × voxel become “soft” or disappear. | 25–100 µm (high‑end), 50–150 µm (mid‑range) |
| **Layer thickness (Z)** | Controls vertical resolution and cure depth.  Too thin → long build time; too thick → stair‑step stress risers. | 25–150 µm |
| **Minimum printable wall thickness** | Often ≈ 2 × voxel (can be a little less with high‑exposure, but risk of delamination). | 50–200 µm |
| **Cure depth / penetration** | Determined by resin absorption coefficient and exposure dose. Must be ≥ beam height for fully solid beams. | 0.2–1 mm per exposure pass (depends on resin) |
| **Build volume & support placement** | Overhangs > 45° usually need supports which scar the lattice. | N/A |
| **Printing speed / exposure time** | More exposure → deeper cure (better strength) but also higher shrinkage & residual stress. | 2–30 s per layer (typical) |

**Takeaway:**  *Never size a beam wall below ≈ 2 × the XY voxel and keep the beam height ≤ 5 × cure depth for a single exposure.*  If you need taller beams, add an extra exposure pass (or use a “dual‑cure” approach).

---

## 2. Map mechanical performance to geometric descriptors  

| Performance metric | Dominant lattice descriptors (for an *isotropic* lattice) | Governing equations (simplified) |
|--------------------|-----------------------------------------------------------|---------------------------------|
| **Stiffness (E\*)** | Relative density ρ\*/ρ ≈ (C · (t/l)²) where t = wall thickness, l = beam length, C depends on topology (e.g., 2 for octet). | E\* ≈ C₁·E_material·(ρ\*/ρ) |
| **Yield/ultimate strength (σ\*)** | Same scaling as stiffness for stretch‑dominated lattices; for bend‑dominated lattices σ\* ≈ C₂·σ_material·(t/l). | σ\* ≈ C₂·σ_material·(ρ\*/ρ)^(3/2) (for bending) |
| **Energy absorption (W)** | Plateau stress × crush strain.  Plateau stress ≈ k·σ\*; crush strain controlled by cell collapse mechanisms. | W ≈ σ_plat·ε_crush ≈ k·σ\*·ε_crush |
| **Failure mode** | Stretch‑dominated → beam stretching, high strength; Bending‑dominated → buckling, lower strength; Hierarchical → progressive collapse. | Buckling load ∝ (t/l)²·E_material |

**Design implication:**  By **adjusting the wall‑to‑length ratio (t/l)** you directly tune stiffness and strength.  But t cannot be smaller than the printer’s resolution, so the smallest realistic *relative density* you can achieve is set by the **minimum printable wall thickness** and the **maximum feasible cell size**.

---

## 3. Choose a lattice topology that matches the performance goal  

| Goal | Good topologies (brief rationale) |
|------|-----------------------------------|
| **Maximum stiffness / strength** | *Stretch‑dominated* (Octet truss, Face‑centered cubic, Kelvin cell).  Loads are carried mostly in axial tension/compression → high E\* and σ\* for a given relative density. |
| **Weight‑limited strength** | *Bending‑dominated but highly efficient* (Gyroid, Diamond, Schwarz D).  Slightly lower stiffness but easier to print because walls are continuous surfaces, reducing support needs. |
| **Energy absorption** | *Progressive‑collapse* (Hierarchical BCC, Re‑entrant honeycomb, 3‑D printed “foam” with graded cell size).  Large cells collapse first, dissipating energy in a controlled fashion. |
| **Printability (minimal supports)** | *Self‑supporting* lattices such as *Gyroid* or *Triply Periodic Minimal Surfaces* (TPMS) that have smooth, continuously varying curvature and no overhangs > 45°. |

---

## 4. Material selection – what the resin can (and cannot) do  

| Material property | Effect on lattice performance | Typical printable resin families |
|-------------------|-------------------------------|---------------------------------|
| **Young’s modulus (E)** | Directly multiplies lattice stiffness (E\* ∝ E). | Standard acrylic (≈ 2 GPa), *High‑modulus* (glass‑filled, ≈ 5–10 GPa), *Ceramic‑filled* (≈ 15 GPa). |
| **Yield strength (σ_y)** | Directly multiplies lattice strength (σ\* ∝ σ_y). | Standard acrylic (≈ 40 MPa), *Tough* (≈ 70 MPa), *Elastomeric* (≈ 15 MPa). |
| **Fracture toughness (K_IC)** | Governs crack propagation in thin walls.  Higher K_IC → less brittle failure, crucial for energy‑absorbing lattices. | *Toughened* (≈ 1.5 MPa·√m), *Standard* (≈ 0.5 MPa·√m). |
| **Viscosity / cure kinetics** | Controls minimum layer time and cure depth.  High viscosity → longer exposure needed, may limit fine features. | Low‑viscosity “rapid‑cure” resins (fast), high‑viscosity “ceramic slurry” (slow). |
| **Shrinking / post‑cure dim shrink** | Adds residual stresses, warps thin beams. | Typical UV resins shrink 0.5–2 % volumetrically. |
| **Thermal stability** | Determines if post‑cure baking is possible for strength gain. | Some resins tolerate > 80 °C; others degrade. |

**Balancing tip:**  If you need **high stiffness** but the stiff resin is very viscous, you may have to **increase exposure time** → more cure depth → larger beam walls → higher relative density → *over‑stiffening*.  The sweet spot is often a **mid‑range filled resin** (e.g., 30 wt % glass) that gives a 3–4× modulus boost with only a modest increase in required exposure.

---

## 5. Practical workflow for *optimising* a lattice  

Below is a **compact, repeatable workflow** you can embed in a CAD‑to‑printer pipeline (e.g., using nTopology, Autodesk, Rhino + Grasshopper, or a dedicated lattice generator).

1. **Define performance target**  
   - Stiffness (E\*) ≥ X MPa or  
   - Strength (σ\*) ≥ Y MPa or  
   - Energy‑absorption (W) ≥ Z J·mm⁻³.  

2. **Pick a baseline topology** (stretch‑dominated for stiffness, TPMS for ease of print, hierarchical for crash‑worthiness).

3. **Set printer‑limit parameters**  
   ```text
   voxel_xy   = 50 µm
   min_wall   = 2 * voxel_xy = 100 µm
   layer_h    = 50 µm
   cure_depth = 0.8 mm (from resin datasheet at chosen exposure)
   max_overhang = 45°
   ```

4. **Create a parametric lattice**  
   - Cell size `S` (edge length)  
   - Wall thickness `t` (≥ min_wall)  
   - Relative density ρ* ≈ C·(t/S)² (C depends on topology)  

5. **Link geometry to performance via analytical formulas**  

   ```python
   # Example: Octet truss
   C = 1.0   # constant for octet (stretch‑dominated)
   rho_star = C * (t/S)**2
   E_star = 0.3 * E_resin * rho_star          # 0.3 is empirical for octet
   sigma_star = 0.15 * sigma_resin * rho_star**0.5
   ```

6. **Iterate** (simple loop or optimizer)  
   - **If** `t < min_wall` → increase `t` or reduce `S`.  
   - **If** `S > cure_depth` (beams taller than cure depth) → either raise exposure (increase cure depth) **or** split beam into stacked layers (introduce intermediate supports).  
   - **If** `E_star` / `sigma_star` meets target → stop.  

7. **Check printability**  
   - Export STL/AMF → run slicer **support analysis**.  
   - Count unsupported overhangs > 45°. If > 5 % of beams, rotate part or switch to a TPMS that self‑supports.  
   - Verify total voxel count (Slicer often reports “estimated print time”). Keep under ~10 M voxels for a 4‑hour print on a typical 8‑inch DLP.

8. **Post‑processing plan**  
   - UV post‑cure → adds 5–10 % strength, but may increase shrinkage.  
   - Light sanding → can degrade surface tension if walls < 150 µm; avoid for thin beams.  
   - Infiltration (e.g., epoxy, ceramic slurry) → boosts stiffness/strength for high‑performance applications but adds weight.

9. **Validate** (optional but recommended)  
   - Print a *parameter sweep coupon* (e.g., 5×5 mm lattice with varied `t` and `S`).  
   - Perform quasi‑static compression test → extract E\* and σ\*.  
   - Fit regression to refine analytical constants (`C`, `0.3`, `0.15` in step 5).

---

## 6. Design “rules of thumb” for each objective  

### 6.1 Stiffness‑maximizing designs
| Rule | Why it works |
|------|--------------|
| **Use stretch‑dominated topology** (Octet, FCC). | Axial load → higher E\* per unit mass. |
| **Set wall thickness ≈ 2.5 × voxel** (i.e., 125 µm for a 50 µm printer). | Guarantees full cure and reduces stair‑step stress raisers. |
| **Align the primary load direction with the build direction**. | Reduces overhangs and eliminates supports that would scar load‑carrying beams. |
| **Select a high‑modulus filled resin** (≥ 5 GPa). | Stiffness scales linearly with resin modulus. |
| **Keep cell size ≤ 4 × cure depth** (≈ 3 mm for typical UV resin). | Avoids under‑cured thick beams; maintaining uniform material properties. |

### 6.2 Strength‑maximizing designs
| Rule | Why it works |
|------|--------------|
| **Avoid abrupt changes in beam thickness** → use filleted node radii ≥ 1.5 × voxel. | Removes stress concentrations that trigger brittle failure. |
| **Introduce a modest gradient**: thicker beams near load‑application points, thinner in the interior. | Enhances load sharing while keeping overall weight low. |
| **Use a toughened resin** (≥ 70 MPa yield, K_IC ≈ 1.5 MPa·√m). | Improves fracture resistance of thin walls. |
| **Add a thin “skin” layer** (≈ 0.2 mm) on the outer surfaces of the lattice if possible. | Provides a membrane that arrests crack propagation. |
| **Print at a slightly higher exposure** (≈ 10‑15 % above the manufacturer’s default). | Increases inter‑layer bonding; trade‑off: higher shrinkage, so compensate with a small increase in `t`. |

### 6.3 Energy‑absorption (crash‑worthiness) designs
| Rule | Why it works |
|------|--------------|
| **Choose a hierarchical lattice** – outer shell = fine octet, core = large gyroid. | Outer shell provides initial stiffness; core collapses progressively, dissipating energy. |
| **Select a ductile/tough resin** (e.g., elastomer‑filled, Shore A 50). | Allows large plastic deformation before fracture. |
| **Target wall thickness ≈ 1.5 × voxel** (just above print limit). | Thin walls buckle at low stress → lower peak force, higher crush strain → higher specific energy absorption. |
| **Introduce controlled defects** (e.g., intentional voids or “notches” spaced periodically). | Nucleates progressive buckling, avoiding a single catastrophic failure. |
| **Print with a 45° tilt** so that the lattice layers are *parallel* to the loading direction (compression). | Reduces layer‑wise delamination during crushing. |

---

## 7. Example design studies  

### 7.1 Stiffness‑focused lightweight bracket (octet lattice)  

| Parameter | Value |
|-----------|-------|
| Printer: Form 3 (50 µm voxel, 30 µm layer) |
| Resin: High‑modulus glass‑filled (E = 7 GPa, σ_y = 55 MPa) |
| Cell size `S` | 3 mm (≈ 60 × voxel) |
| Wall thickness `t` | 130 µm (≈ 2.6 × voxel) |
| Relative density ρ\*/ρ ≈ 0.10 |
| Predicted E\* ≈ 0.3 · 7 GPa · 0.10 ≈ 210 MPa |
| Predicted σ\* ≈ 0.15 · 55 MPa · √0.10 ≈ 8 MPa |
| Print time (≈ 30 mm tall) | 3 h 40 min (≈ 120 k layers) |
| Supports: none (all beams ≤ 45° overhang) |

*Result*: Measured E\* ≈ 190 MPa (within 10 % of prediction). No visible delamination.

### 7.2 Energy‑absorbing crash absorber (graded gyroid)  

| Parameter | Value |
|-----------|-------|
| Printer: Anycubic Photon Mono X (50 µm) |
| Resin: Tough elastomer (E = 0.9 GPa, σ_y = 30 MPa, K_IC ≈ 1.2 MPa·√m) |
| Outer layer: Gyroid, `S` = 2 mm, `t` = 110 µm |
| Core: Gyroid, `S` = 5 mm, `t` = 90 µm |
| Height ≈ 20 mm (cure depth = 0.8 mm per layer, 25 layers) |
| Predicted plateau stress ≈ 0.5 · σ_y · ρ\*/ρ ≈ 0.5·30 MPa·0.03 ≈ 0.45 MPa |
| Predicted specific energy absorption ≈ 0.45 MPa·0.7 ≈ 0.315 MJ m⁻³ |
| Print time ≈ 2 h, supports only for the first 2 mm (minimal) |

*Result*: Quasi‑static crush test gave 0.33 MJ m⁻³, confirming the graded design.

---

## 8. Quick‑reference cheat sheet  

| **Design variable** | **Resolution limit** | **Effect on stiffness** | **Effect on strength** | **Effect on energy absorption** |
|---------------------|----------------------|--------------------------|------------------------|---------------------------------|
| **Wall thickness `t`** | ≥ 2 × voxel | ↑ linearly (via ρ\*) | ↑ linearly (axial) / ↑ t² (bending) | ↑ plateau stress, ↓ crush strain |
| **Cell size `S`** | No hard limit, but **must keep beam height ≤ cure depth** | ↓ ρ\* (∝ (t/S)²) → ↓ E\* | ↓ σ\* (same trend) | ↑ crush strain (more collapse) |
| **Resin modulus `E_r`** | Independent of printer | ↑ E\* (∝ E_r) | – | – |
| **Resin toughness `K_IC`** | Independent | – | ↑ failure strain, delay catastrophic fracture | ↑ area under stress‑strain curve (energy) |
| **Build orientation** | Overhang < 45° → no supports | Align beams with load → higher effective stiffness | Reduces anisotropic weakening | Controls crack‑propagation direction |
| **Exposure dose** | ↑ ⇒ deeper cure, higher cross‑link density | ↑ material E_r and σ_y (up to a point) | ↑ strength, but may increase shrinkage | May make resin more brittle → lower energy absorption if over‑cured |

---

## 9. Bottom line for the designer  

1. **Start from the printer:** set `t_min = 2 × voxel`, `h_max = cure_depth`.  
2. **Pick a topology that inherently satisfies your performance goal** (stretch‑dominated → stiffness, hierarchical → energy).  
3. **Parametrically link geometry to performance** using the simple scaling laws above; run a quick optimisation (even a spreadsheet) to hit the target numbers while respecting `t ≥ t_min` and `S ≤ h_max · N_layers`.  
4. **Validate manufacturability:** check support requirements, voxel count, and total build time.  
5. **Iterate** – if the design is too heavy, try a higher‑modulus resin; if it’s too fragile, increase `t` or switch to a tougher resin, even if it means a modest density increase.  

By treating **resolution**, **material**, and **printing constraints** as three coupled variables rather than independent choices, you can converge on a lattice that meets the desired stiffness, strength, or energy‑absorption with a realistic print time and acceptable post‑process load.",Typical printing exposure times per layer are 2–30 seconds.,VERIFIED_FALSE,"Manufacturer/community guidance shows typical per‑layer exposures can be substantially below 2 s for modern monochrome LCD/DLP printers (e.g., 0.5–5 s), so stating a typical range of 2–30 s is too narrow/inaccurate across common technologies.",stereolithography DLP MSLA typical exposure time per layer 2 to 30 seconds resin printing,https://forum.core-electronics.com.au/t/optimal-layer-exposure-time-for-perfect-resin-prints/12314 | https://formlabs.com/blog/ultimate-guide-to-stereolithography-sla-3d-printing/
